ontology ID	LABEL	VEuPathDB alternative label
ID		A VEuPathDB alternative term SPLIT=|
ONS:0000106	24-hour dietary recall	24 hour food recall
EUPATH:0009247	4th level EC metagenome abundance data	4th level EC metagenome abundance data
EUPATH:0004991	60 day follow-up date	Observation date
EUPATH:0023052	60-day follow-up observation time	Observation time
HP:0002027	Abdominal pain	Abdominal pain
HP:0001892	Abnormal bleeding	Abnormal bleeding
HP:0003111	Abnormal blood ion concentration	Electrolyte disturbances
HP:0001787	Abnormal delivery	Delivery complications
HP:0001595	Abnormal hair morphology	Abnormal hair
HP:0002793	Abnormal pattern of respiration	Breathing issues
HP:0012211	Abnormal renal physiology	Renal impairment
HP:0000478	Abnormality of the eye	Eye
HP:0011024	Abnormality of the gastrointestinal tract	Gastrointestinal
HP:0000119	Abnormality of the genitourinary system	Genitourinary
HP:0001574	Abnormality of the integument	Skin
HP:0000707	Abnormality of the nervous system	Neurological
HP:0002086	Abnormality of the respiratory system	Respiratory
DRON:00020467	Acetaminophen Oral Solution	Paracetamol syrup
NCBITaxon:222	Achromobacter	Achromobacter
NCBITaxon:85698	Achromobacter xylosoxidans	Achromobacter xylosoxidans
NCBITaxon:469	Acinetobacter	Acinetobacter
NCBITaxon:28090	Acinetobacter lwoffii	Acinetobacter lwoffi
DOID:635	acquired immunodeficiency syndrome	AIDS
HP:0001919	Acute kidney injury	Acute kidney injury
DRON:00031892	Acyclovir Oral Solution	Acyclovir syrup
NCBITaxon:10508	Adenoviridae	Adenovirus
EUPATH:0010719	Adenovirus in feces by enzyme-linked immunosorbent assay datum	"Adenovirus, by ELISA result"
OBI:0000995	administration of material to specimen	Administration of material to specimen
DOID:11394	adult respiratory distress syndrome	Acute respiratory distress syndrome
OAE:0000001	adverse event	Adverse events
OBI:0003075	age since birth at time of enrollment	Age at enrollment
EUPATH:0000579	age since birth in days	Age (days)
OBI:0001169	age since birth measurement datum	Age
EUPATH:0000018	air brick	Air bricks
EUPATH:0009258	alpha diversity taxonomic analysis	Alpha diversity taxonomic analysis
EUPATH:0000034	alpha thalassemia genotype	Alpha-thalassemia genotype
DRON:00020757	Ambroxol Oral Solution	Ambrox drops
DRON:00026717	amlexanox Oral Paste	Amlexanox (Apsol gel)
DRON:00030873	Amoxicillin / Clavulanate Oral Solution	Moxclav syrup
DRON:00000904	amoxicillin suspension	Amoxicillin syrup
CHEBI:2682	amphotericin B	Amphotericin B
UBERON:0000061	anatomical structure	Host body site
DOID:2355	anemia	Anemia
CHEBI:55346	anidulafungin	Anidulafungin
EUPATH:0000640	animal cage number for experiment	Animal cage num in experiment
EUPATH:0009265	animal taxon detected by sequence match	Animal taxon detected by sequence match
EUPATH:0000322	Anopheles funestus related information	Anopheles funestus results
EUPATH:0000323	Anopheles gambiae sensu lato related information	Anopheles gambiae sensu lato results
SYMP:0000523	anorexia	Anorexia
EUPATH:0010383	anthropometric value range specification	Anthropometry flag
EUPATH:0000582	antibiotics	Antibiotics
EUPATH:0000429	antimalarial drug used date	Antimalarial treatment date
OMP:0000274	antimicrobial agent resistance phenotype	Anti-fungal agent resistance
EUPATH:0021039	artesunate/pyrimethamine/sulphadoxine combination as most recent malaria treatment	Artesunate/pyrimethamine/sulphadoxine
OBI:0002920	arthropod trap	Mosquito trap
EUPATH:0015403	Ascaris lumbricoides in feces by reverse transcription polymerase chain reaction assay datum	"Ascaris lumbricoides, by RT-PCR result"
DRON:00020551	Ascorbic Acid Oral Tablet	Ceevit
EUPATH:0000092	asexual parasite density by microscope	"Plasmodium asexual stages, by microscopy result"
NCBITaxon:5067	Aspergillus parasiticus	Aspergillus
EUPATH:0010720	Astrovirus in feces by enzyme-linked immunosorbent assay datum	"Astrovirus, by ELISA result"
EUPATH:0010098	average respiratory rate	Mean respiratory rate
OBI:0003072	axillary temperature measurement datum	Axillary temperature
CHEBI:2955	azithromycin	Azithromycin
DRON:00020873	Azithromycin Oral Suspension	Azithromycin syrup
CHEBI:161680	aztreonam	Aztreonam
EUPATH:0000581	baby delivery	Delivery Mode
HP:0003418	Back pain	Back pain
EUPATH:0015407	Bacteroides fragilis in feces by reverse transcription polymerase chain reaction assay datum	"Bacteroides fragilis, by RT-PCR result"
HP:0033121	Barking cough	Barking cough
EUPATH:0000389	bed net material	Bednet material
EUPATH:0021017	bed net not treated	Untreated
EUPATH:0021018	bed net treated over six months ago	"Regular ITN, treated >6 months ago"
EUPATH:0021020	bed net treated with long last insecticide	Long-lasting ITN
EUPATH:0021019	bed net treated within past six months	"Regular ITN, treated <6 months ago"
EUPATH:0000577	BEI repository identifier	Repository ID
CHEBI:22723	benzoic acids	Compound benzoic acid
DRON:00026161	Betamethasone Topical Cream	Betson cream
ENVO:01000614	bicycle	Bicycle
PATO:0000047	biological sex	Sex
ENVO:00000428	biome	Environment (biome)
HP:0033045	Bipedal edema	Bipedal edema
EUPATH:0015117	bipedal edema symptom or sign information	Bipedal edema
EUPATH:0000424	birth country name	Nationality
EUPATH:0023008	Blantyre coma score sum	Blantyre coma score - total
SYMP:0000007	bleeding	Spontaneous bleeding
EUPATH:0036228	blood Activin A concentration	Activin A
EUPATH:0021144	blood alanine aminotransferase concentration	Alanine aminotransferase
EUPATH:0021145	blood alkaline phosphatase concentration	Alkaline phosphatase
OBI:0003040	blood assay	Blood test
EUPATH:0023005	blood bicarbonate concentration	Bicarbonate
EUPATH:0023054	blood bilirubin concentration	Total bilirubin
EUPATH:0033154	blood C-reactive protein concentration	C-reactive protein
EUPATH:0023011	blood creatinine concentration	Creatinine
EUPATH:0036293	blood endotoxin concentration	Endotoxin
EUPATH:0011849	blood Ferritin concentration	Ferritin
EUPATH:0036494	blood granulocyte colony-stimulating factor concentration	Granulocyte-colony stimulating factor
CMO:0000026	blood hemoglobin level	Hemoglobin
EUPATH:0044003	blood hydroxychloroquine concentration	Hydroxychloroquine concentration (ug/mL)
EUPATH:0036262	blood interferon gamma concentration	Interferon gamma
EUPATH:0036264	blood interleukin-1 beta concentration	Interleukin 1 beta
EUPATH:0036263	blood interleukin-10 concentration	Interleukin 10
EUPATH:0036506	blood interleukin-17A concentration	Interleukin 17A
EUPATH:0036532	blood interleukin-2 concentration	Interleukin 2
EUPATH:0036265	blood interleukin-4 concentration	Interleukin 4
EUPATH:0036266	blood interleukin-5 concentration	Interleukin 5
EUPATH:0036267	blood interleukin-6 concentration	Interleukin 6
EUPATH:0036268	blood interleukin-7 concentration	Interleukin 7
EUPATH:0036269	blood interleukin-8 concentration	Interleukin 8
OBI:0002649	blood microbiology assay	Blood microbiology test
EUPATH:0021213	blood phosphate concentration	Phosphate
OBI:0100016	blood plasma specimen	Plasma sample
EUPATH:0011875	blood retinol concentration	Retinol
EUPATH:0000048	blood smear reading as positive or negative	"Plasmodium asexual stages, by microscopy"
OBI:0000655	blood specimen	Blood sample
OBI:0003054	blood specimen in vacutainer	Vacutainer sample
OBI:0003055	blood specimen on filter paper	Filter paper sample
OBIB:0000236	blood specimen volume	Blood sample volume
EUPATH:0036271	blood tumor necrosis factor concentration	Tumor necrosis factor alpha
EUPATH:0021227	blood urea concentration	Urea
EUPATH:0023010	blood urea nitrogen concentration	BUN
EUPATH:0021228	blood uric acid concentration	Uric acid
EUPATH:0036393	blood vitamin D concentration	Vitamin D
CMO:0000105	body mass index (BMI)	BMI
OBIB:0000036	buffy coat specimen	Buffy coat sample
EUPATH:0000001	building material	Building material
NCBITaxon:95486	Burkholderia cenocepacia	Burkholderia cenocepacia
NCBITaxon:87883	Burkholderia multivorans	Burkholderia multivorans
ENVO:01000594	cabinet	Cabinet
DRON:00026172	Calamine Topical Lotion	Calamine lotion
EUPATH:0011734	calorie intake measurement	Calories
EUPATH:0010628	Campylobacter in feces by enzyme-linked immunosorbent assay datum	"Campylobacter, by ELISA result"
NCBITaxon:5476	Candida albicans	Candida albicans
EUPATH:0010070	caretaker and participant combined mass measurement datum	Caregiver plus participant weight
EUPATH:0010071	caretaker of participant mass measurement datum	Caregiver weight
OBI:0002674	case series design	Case series
OBI:0002624	case-control study design	Case-control
CHEBI:474180	caspofungin	Caspofungin
ENVO:01000578	cassette player	Cassette player
EUPATH:0000143	categorical household wealth index	"Household wealth index, categorical"
DRON:00021182	Cefixime Oral Suspension	Cefixime suspension
CHEBI:3504	cefpodoxime	Cefpodoxime
DRON:00001126	Ceftriaxone injectable solution	Ceftriaxone injection
OBI:0002926	Centers for Disease Control and Prevention light trap	CDC light trap
CHEBI:3547	cephradine	Cephradine
DOID:14069	cerebral malaria	Cerebral
OBI:0003232	cerebrospinal fluid assay	Cerebrospinal fluid test
OBI:0003240	cerebrospinal fluid microbiology assay	Cerebrospinal fluid microbiology test
DRON:00021212	Cetirizine Oral Solution	Cetirizine alatrol
ENVO:01000586	chair	Chair
EUPATH:0015019	charcoal cooking fuel	Charcoal
HP:0100749	Chest pain	Chest pain
EUPATH:0010373	child study subject identifier at first enrollment	Participant ID at 1st enrollment
EUPATH:0000584	child's diet	Child's diet
EUPATH:0000585	child's diet by month	Child's diet (by month)
SYMP:0019174	chills	Chills
DRON:00001123	Chloramphenicol solution for otic and ophthalmic administration	Chloramphenicol eye drops
EUPATH:0010111	chlorine test result	Chlorine test result
CHEBI:3638	chloroquine	Chloroquine
EUPATH:0021040	chloroquine or primaquine as most recent malaria treatment	Chloroquine/primaquine
DRON:00021279	Chlorpheniramine Oral Solution	Chlorpheniramine maleate syrup
NCBITaxon:59732	Chryseobacterium	Chryseobacterium
NCBITaxon:253	Chryseobacterium indologenes	Chryseobacterium indologenes
DRON:00021346	Ciprofloxacin Oral Suspension	Ciprofloxacin syrup
DRON:00032549	Ciprofloxacin Otic Solution	Cipro ear drops
NCBITaxon:544	Citrobacter	Citrobacter
NCBITaxon:546	Citrobacter freundii	Citrobacter freundii
ENVO:00000856	city	"City, village, or region"
APOLLO_SV:00000232	clade name	Fingerprint Clade
OGMS:0000123	clinical data item	Health status
OGMS:0000014	clinical finding	Clinical findings
OGMS:0000015	clinical history	Clinical history
OGMS:0000056	clinical laboratory test	Laboratory test
OGMS:0000027	clinical phenotype	Clinical phenotype
OBI:0003068	clinical study center	Study center
EUPATH:0000091	clinical visit date	Visit date
ENVO:01000596	clock	Clock
DRON:00001106	Clotrimazole skin cream	Clotrimazole cream
DRON:00021406	Clotrimazole Topical Solution	Clotrimazole ear drops
EUPATH:0000737	cluster of differentiation 36 genotype	CD36 genotype
OBCS:0000106	cohort study design	Cohort
CHEBI:37943	colistin	Colistin
OBI:0600005	collecting specimen from organism	Sample collection process
HP:0001259	Coma	Coma
OBI:0001898	comment on investigation	Notes
OBI:0003074	common name of organism	Host common name
EUPATH:0022001	community	Settlement
EUPATH:0035127	community information	Community
EUPATH:0022046	community visited on fourth most recent trip	Settlement visited on 4th most recent trip
EUPATH:0022040	community visited on most recent trip	Settlement visited on most recent trip
EUPATH:0022042	community visited on second most recent trip	Settlement visited on 2nd most recent trip
EUPATH:0022044	community visited on third most recent trip	Settlement visited on 3rd most recent trip
GAZ:00000013	continent	Continent
SYMP:0000596	convulsion	Convulsions
EUPATH:0015073	convulsion since illness began information	Convulsion
EUPATH:0000023	cooking fuel material	Cooking fuel
EUPATH:0000380	covered area measured in square meter	Covered area
NCBITaxon:2665964	Cryptococcus neoformans var. grubii VNI	VNI subdivision
EUPATH:0010786	Cryptosporidium in feces by enzyme-linked immunosorbent assay datum	"Cryptosporidium, by ELISA result"
ENVO:01000595	cupboard	Cupboard
SO:0001000	cytosolic_16S_rRNA	Region of 16S rRNA sequenced
EUPATH:0015462	data about Vibrio cholerae O1 by differential medium assay	"Vibrio cholerae O1, by bacteriology result"
EUPATH:0015463	data about Vibrio cholerae O139 by differential medium assay	"Vibrio cholerae O139, by bacteriology result"
OBI:0200000	data transformation	Data analysis
DUO:0000001	data use permission	Data access level
EUPATH:0010406	date of birth of matched case	"Birth date, matched case"
EUPATH:0000150	date of death	Death date
EUPATH:0010219	date of first antibiotic administration	First antibiotic administration date
EUPATH:0000319	date of hospital admission	Hospital admission date
EUPATH:0000320	date of hospital discharge	Hospital discharge date
EUPATH:0000390	date of last fumigation	Last fumigation date
EUPATH:0000151	date of participant first enrolled in a study	Enrollment date
EUPATH:0000152	date of participant last seen in a study	Last date observed
EUPATH:0010319	date of rehydration	Rehydration date
EUPATH:0000525	days of follow up specimen collection	Follow up day
HP:0000490	Deeply set eye	Sunken eye
EUPATH:0010215	defecation date	Date stool passed
OBI:0002460	defined population inclusion criterion	Population included
HP:0001944	Dehydration	"Dehydration, caregiver report"
DRON:00030841	desloratadine Oral Solution	Desloratadine syrup
DRON:00001117	Dexamethasone injection	Dexamethasone injection
OGMS:0000073	diagnosis	Diagnosis
EUPATH:0000321	diagnosis at discharge	Diagnosis at discharge
EUPATH:0000638	diagnosis at hospitalization	Diagnosis at hospitalization
EUPATH:0033382	diagnosis of anemia at discharge	Anemia
EUPATH:0033384	diagnosis of anemic heart failure at discharge	Anaemic heart failure
EUPATH:0033386	diagnosis of asthma at discharge	Asthma
EUPATH:0033421	diagnosis of asthma at hospitalization	Asthma or reactive airway disease
EUPATH:0033404	diagnosis of bacterial sepsis at discharge	Septicemia
EUPATH:0033377	diagnosis of bronchiolitis at discharge	Bronchiolitis
EUPATH:0033419	diagnosis of bronchiolitis or respiratory syncytial virus infectious disease at hospitalization	Bronchiolitis or respiratory syncytial virus
EUPATH:0033424	diagnosis of bronchitis at hospitalization	Bronchitis
EUPATH:0033390	diagnosis of cellulitis at discharge	Cellulitis
EUPATH:0033392	diagnosis of cerebral palsy at discharge	Cerebral palsy
EUPATH:0021163	diagnosis of chikungunya at discharge	Chikungunya
EUPATH:0033381	diagnosis of chronic mucocutaneous candidiasis at discharge	Mucocutaneous candidiasis
EUPATH:0000040	diagnosis of complicated malaria	Complicated malaria
EUPATH:0033394	diagnosis of congenital heart disease at discharge	Congenital heart disease
EUPATH:0021165	diagnosis of dengue disease at discharge	Dengue
EUPATH:0025044	diagnosis of diarrhea	Diarrhea
EUPATH:0015130	diagnosis of diarrhea at discharge	Diarrhea
EUPATH:0000317	diagnosis of disease other than malaria	Other diagnosis
EUPATH:0015131	diagnosis of dysentery at discharge	Dysentery
EUPATH:0033401	diagnosis of epilepsy at discharge	Epilepsy
EUPATH:0033417	diagnosis of extrapulmonary tuberculosis at hospitalization	Extrapulmonary tuberculosis
EUPATH:0033407	diagnosis of gastroenteritis at discharge	Gastroenteritis
EUPATH:0021169	diagnosis of gastrointestinal infection at discharge	Gastrointestinal infection
EUPATH:0033426	diagnosis of global developmental delay or cerebral palsy at hospitalization	Developmental delay or cerebral palsy
EUPATH:0033411	diagnosis of human immunodeficiency virus infectious disease at discharge	HIV
EUPATH:0033413	diagnosis of immunosuppression at discharge	Immunosuppression
EUPATH:0021177	diagnosis of leptospirosis at discharge	Leptospirosis
EUPATH:0033379	diagnosis of lower respiratory tract disease at discharge	Lower respiratory tract infection
EUPATH:0025162	diagnosis of malaria	Malaria
EUPATH:0015135	diagnosis of malaria at discharge	Malaria
EUPATH:0033425	diagnosis of malaria at hospitalization	Malaria
EUPATH:0033423	diagnosis of measles at hospitalization	Measles
EUPATH:0033427	diagnosis of meningitis at hospitalization	Meningitis
EUPATH:0033388	diagnosis of neonatal asphyxia at discharge	Birth asphyxia
EUPATH:0033383	diagnosis of neonatal sepsis at discharge	Neonatal sepsis
EUPATH:0015136	diagnosis of nutritional deficiency disease at discharge	Malnutrition
EUPATH:0033385	diagnosis of osteomyelitis at discharge	Osteomyelitis
EUPATH:0033387	diagnosis of otitis media at discharge	Otitis media
EUPATH:0033409	diagnosis of parasitic helminthiasis infectious disease at discharge	Helminthiasis
EUPATH:0033395	diagnosis of physical disorder at discharge	Congenital abnormality
EUPATH:0033399	diagnosis of pleural empyema at discharge	Empyema thoracis
EUPATH:0033389	diagnosis of pneumocystosis at discharge	Pneumocystis pneumonia
EUPATH:0025045	diagnosis of pneumonia	Pneumonia
EUPATH:0033376	diagnosis of pneumonia at discharge	Pneumonia
EUPATH:0015132	diagnosis of pneumonia of lower repiratory tract disease at discharge	Pneumonia or lower respiratory infection
EUPATH:0033391	diagnosis of pneumothorax at discharge	Pneumothorax
EUPATH:0033398	diagnosis of protein-energy malnutrition at discharge	Protein malnutrition
EUPATH:0033400	diagnosis of pulmonary tuberculosis at discharge	Pulmonary tuberculosis
EUPATH:0033415	diagnosis of pulmonary tuberculosis at hospitalization	Pulmonary tuberculosis
EUPATH:0021221	diagnosis of scrub typhus at discharge	Scrub typhus
EUPATH:0033380	diagnosis of seizure at discharge	Afebrile seizure
EUPATH:0033405	diagnosis of seizure precipitated by febrile infection at discharge	Febrile convulsion
EUPATH:0033402	diagnosis of septic arthritis at discharge	Septic arthritis
EUPATH:0033418	diagnosis of severe anemia at hospitalization	Severe anemia
EUPATH:0000043	diagnosis of severe malaria	Severe malaria
EUPATH:0033406	diagnosis of sickle cell anemia at discharge	Sickle cell anemia
EUPATH:0000090	diagnosis of symptomatic malaria	Malaria diagnosis
EUPATH:0015137	diagnosis of typhoid fever at discharge	Typhoid
EUPATH:0025046	diagnosis of upper respiratory tract disease	Upper respiratory tract infection
EUPATH:0033414	diagnosis of upper respiratory tract disease at discharge	Upper respiratory tract infection
EUPATH:0033412	diagnosis of urinary system disease at discharge	Urinary tract infection
EUPATH:0021229	diagnosis of viral hepatitis at discharge	Viral hepatitis
EUPATH:0010393	diagnosis previous to two month follow-up	Previous diagnosis noted at 60 day follow-up visit
HP:0002014	Diarrhea	Diarrhea
DOID:13250	diarrhea	Diarrheal disease
EUPATH:0010238	diarrheal episode time measurement datum	Diarrheal episode duration
EUPATH:0010013	diarrheal treatment immediate history	Previous diarrheal care
DRON:00021569	Diazepam Oral Tablet	Diazepam tablet
DRON:00021596	Dicyclomine Oral Solution	Dicycloverine hydrochloride
OBI:0002504	digestive system fluid or secretion specimen	Gastric fluid sample
DOID:4	disease	Disease
EUPATH:0000407	district of India	District
EUPATH:0026006	district of Thailand	District in Thailand
EUPATH:0044179	district of Uganda	District in Uganda
SYMP:0000610	dizziness	Dizziness
EUPATH:0000747	DNA extraction date	DNA extraction date
OBI:0000626	DNA sequencing assay	DNA sequencing
EUPATH:0000343	domesticated animal in a human dwelling	Animals on property
DRON:00021709	Domperidone Oral Solution	Omidon syrup
DRON:00018567	Dornase Alfa	Dornase
ENVO:00003064	drinking water	Drinking water source
EUPATH:0015050	drinking water derived from bore hole water	Bore hole
EUPATH:0015046	drinking water derived from rainwater	Rainwater
EUPATH:0000256	drinking water from pipe into dwelling	Piped into dwelling
EUPATH:0000257	drinking water from pipe into yard	Piped into yard
CHEBI:23888	drug	Compound
EUPATH:0000586	drug usage information	Drug usage
EUPATH:0000154	duration of abdominal pain	Abdominal pain duration
EUPATH:0000155	duration of anorexia	Anorexia duration
EUPATH:0000414	duration of being febrile	Fever duration
EUPATH:0000156	duration of cough	Cough duration
EUPATH:0022048	duration of current main occupation	Time at occupation
EUPATH:0022049	duration of current secondary occupation	Time at occupation 2
EUPATH:0000157	duration of diarrhea	Diarrhea duration
EUPATH:0000158	duration of fatigue	Fatigue duration
EUPATH:0022037	duration of fourth most recent trip	Fourth most recent trip duration
EUPATH:0000159	duration of headache	Headache duration
EUPATH:0000160	duration of jaundice	Jaundice duration
EUPATH:0000161	duration of joint pains	Joint pains duration
EUPATH:0022034	duration of most recent trip	Most recent trip duration
EUPATH:0000162	duration of muscle aches	Muscle aches duration
EUPATH:0022035	duration of second most recent trip	Second most recent trip duration
EUPATH:0000163	duration of seizures	Seizures duration
EUPATH:0000164	duration of subjective fever	Subjective fever duration
EUPATH:0022036	duration of third most recent trip	Third most recent trip duration
EUPATH:0000165	duration of vomiting	Vomiting duration
EUPATH:0000494	dwelling identifier	Dwelling ID
EUPATH:0022269	dwelling lot area measurement datum	Total area
HP:0002015	Dysphagia	Dysphagia
HP:0002094	Dyspnea	Shortness of breath
HP:0100518	Dysuria	Dysuria
HP:0030766	Ear pain	Ear pain
EUPATH:0000614	ear thickness	Ear thickness (mm)
ENVO:01000825	eaves	Eaves
NCIT:C131844	Edinburgh Postnatal Depression Scale	Edinburgh postnatal depression scale
ENVO:00000176	elevation	Elevation (feet)
EUPATH:0000342	employment information	Employment
APOLLO_SV:00000570	employment status data item	Employment status
EUPATH:0000749	end of observation period	End of observation period
DOID:28	endocrine system disease	Endocrine condition
OBI:0003233	endotracheal aspirate assay	Endotracheal tube aspirate test
OBI:0002972	endotracheal aspirate specimen	Endotracheal tube aspirate sample
OBI:0003241	endotracheal tube aspirate microbiology assay	Endotracheal tube aspirate microbiology test
OBI:0002971	endotracheal tube specimen	Endotracheal tube sample
EUPATH:0011882	Entamoeba histolytica in feces by enzyme-linked immunosorbent assay datum	"Entamoeba histolytica, by ELISA result"
EUPATH:0011002	Entamoeba histolytica in feces by microscopy assay datum	"Entamoeba histolytica, by microscopy result"
NCBITaxon:547	Enterobacter	Enterobacter
NCBITaxon:12059	Enterovirus	Enterovirus
EUPATH:0010032	environment associated with human dwelling	Dwelling environment
EUPATH:0000587	environment information	Environment information
ENVO:00010483	environmental material	Environment (material)
EUPATH:0000602	environmental pets or farm animals information	Presence of pets or farm animals
OBI:2000016	erythrocyte specimen	Erythrocyte sample
DRON:00030554	Erythromycin Oral Solution	Erythromycin syrup
NCBITaxon:562	Escherichia coli	Escherichia coli
OMRSE:00000205	ethnic identity information content entity	Ethnicity
DOID:0050486	exanthem	Rash
ECTO:9002101	exposure to pyrethroid insecticide	Pyrethroid insecticide exposure
EUPATH:0022002	external wall material	External wall material
OBI:0003041	falcivax rapid diagnostic test	"Plasmodium species, by FalciVax RDT"
EUPATH:0023031	falcivax rapid diagnostic test in hospital	"Plasmodium species, by FalciVax RDT at hospital"
EUPATH:0000493	family identifier	Family ID
SYMP:0019177	fatigue	Fatigue
EUPATH:0000097	febrile	Febrile
EUPATH:0015454	fecal specimen mass measurement datum	Stool weight
EUPATH:0010038	fecal specimen quality data item	Stool characteristics
OBI:0003237	feces assay	Stool test
OBI:0003039	feces microbiology assay	Stool microbiology test
OBI:0002503	feces specimen	Stool sample
EUPATH:0010316	feces volume measurement datum	Stool volume
PATO:0000383	female	Female
NCIT:C92791	Fetal Heart Tone	Fetal heart tones
HP:0001945	Fever	Fever
EUPATH:0000413	fever treatment provider information	Fever treatment location
DRON:00031432	fexofenadine Oral Suspension	Fexofenadine
EUPATH:0010084	first mid-upper arm circumference datum	MUAC
EUPATH:0015120	flaky paint dermatosis information	Skin has 'flaky paint' appearance
EUPATH:0000006	floor material	Floor material
DRON:00031867	Floxacillin Oral Solution	Flucloxacillin syrup
CHEBI:46081	fluconazole	Fluconazole
DRON:00031946	Fluconazole Oral Solution	Fluconazole syrup
DRON:00001104	Folic acid tablet	Folic acid tablet
FOODON:03430151	food (solid)	Solids for consumption
EUPATH:0021038	forgot which antimalarial in most recent treatment	Can't remember
EUPATH:0021035	forgot which Plasmodium species in diagnosis within past year	Can't remember
EUPATH:0000419	frequency of larvicide in use	Larvicide frequency
EUPATH:0000029	frequency of not satisfying food needs	Food problems per week
NCIT:C154876	Fundal Height	Fundal height
EUPATH:0000758	fungal organism genotype information	Fungal genotype
EUPATH:0000759	fungal strain	Fungal strain
EUPATH:0009268	fungal taxon detected by sequence match	Fungal taxon detected by sequence match
NCBITaxon:4751	Fungi	Fungal organism
EUPATH:0000527	gametocyte density by RT-PCR	"Plasmodium gametocytes, by RT-PCR result"
EUPATH:0000529	gametocyte detection protocol	Plasmodium gametocytes detection method
OMRSE:00000209	gender identity information content entity	Gender
DRON:00001114	Gentamicin injectable solution	Gentamicin injection
DRON:00775058	Gentamicin Otic Solution	Gentamicin ear drops
DRON:00028948	Gentamicin Sulfate (USP) / Hydrocortisone Topical Ointment	Gentin ointment
GAZ:00000448	geographic location	Geographic location
EUPATH:0043203	geohash 1	GEOHASH 1
EUPATH:0043204	geohash 2	GEOHASH 2
EUPATH:0043205	geohash 3	GEOHASH 3
EUPATH:0043206	geohash 4	GEOHASH 4
EUPATH:0043207	geohash 5	GEOHASH 5
EUPATH:0043208	geohash 6	GEOHASH 6
EUPATH:0043212	geolocation precision objective specification	Geolocation
NCIT:C124435	Gestational Age at Birth	Gestational age at delivery
EUPATH:0010788	Giardia in feces by enzyme-linked immunosorbent assay datum	"Giardia, by ELISA result"
EUPATH:0011004	Giardia lamblia in feces by microscopy assay datum	"Giardia lamblia, by microscopy result"
EUPATH:0000033	glucose 6 phosphate dehydrogenase genotype	G6PD genotype
DRON:00022040	Glycerin Rectal Suppository	Glycerine suppository
EUPATH:0000752	gp60 genotype	GP60 genotype
UBERON:0009097	gravid organism	Pregnant
DRON:00031951	Guaifenesin / Pseudoephedrine / Triprolidine Oral Solution	Aquaphen syrup
NCBITaxon:36420	H1N1 swine influenza virus	Influenza A 2009
ENVO:01000739	habitat	Habitat
NCBITaxon:724	Haemophilus	Haemophilus
NCBITaxon:727	Haemophilus influenzae	Haemophilus influenzae
EUPATH:0010112	hand washing location	Hand washing location
EUPATH:0000289	haplogroup	Haplogroup
HP:0002315	Headache	Headache
HP:0032319	Health status	Clinical status
EUPATH:0000451	healthcare information	Typical healthcare
HP:0000790	Hematuria	Blood in urine
EUPATH:0023025	hemoglobin concentration measured in hospital	"Hemoglobin, at hospital"
HP:0003641	Hemoglobinuria	Hemoglobinurea
OMRSE:00002045	highest level of education data item	Education level
ONTONEO:00000225	história obstétrica	Obstetric history
GO:0016570	histone modification	Histone modification
EUPATH:0000318	hospital admission information	Admitting hospital
EUPATH:0000308	hospitalization information	Hospitalization
EUPATH:0000589	host information	Host information
EUPATH:0000593	host mass measurement datum at specimen collection	Host total mass
EUPATH:0000590	host's diet	Host diet
NCIT:C64593	Hour Of Sleep	Bed time
PCO:0000024	household	Household
EUPATH:0000166	household animal-drawn cart asset	Animal-drawn cart
EUPATH:0000144	household asset information	Assets
EUPATH:0000167	household bank account asset	Bank account
EUPATH:0022011	household black and white television asset	Black and white television
EUPATH:0022006	household blender asset	Blender
EUPATH:0000170	household boat without a motor asset	Boat without a motor
EUPATH:0000171	household car asset	Car or truck
EUPATH:0022028	household cats asset	Cats
EUPATH:0022017	household chicks asset	Chicks
EUPATH:0022010	household coal stove asset	Coal stove
EUPATH:0022012	household color television asset	Color television
EUPATH:0022015	household cows asset	Cows
EUPATH:0021085	household data collection date	Household data collection date
EUPATH:0022027	household dogs asset	Dogs
EUPATH:0022021	household ducks asset	Ducks
EUPATH:0022013	household DVD player asset	DVD
EUPATH:0022007	household electric stove asset	Electric stove
EUPATH:0022005	household freezer asset	Freezer
EUPATH:0022008	household gas stove asset	Gas stove
EUPATH:0022016	household goats asset	Goats
EUPATH:0022018	household hens asset	Hens
EUPATH:0000094	household identifier	Household ID
EUPATH:0000087	household information	Household information
EUPATH:0022009	household kerosene stove asset	Kerosene stove
EUPATH:0022024	household monkeys asset	Monkeys
EUPATH:0000179	household motorboat asset	Boat with a motor
EUPATH:0022022	household parakeets asset	Parakeets
EUPATH:0022023	household parrots asset	Parrots
EUPATH:0022025	household pigs asset	Pigs
EUPATH:0022026	household rabbits asset	Rabbits
EUPATH:0000776	household repeated measure	Household observations
EUPATH:0022019	household roosters asset	Roosters
EUPATH:0022020	household turkeys asset	Turkeys
EUPATH:0022029	household turtles asset	Turtles
EUPATH:0000186	household watch asset	Watch
EUPATH:0022014	househould sound system asset	Stereo
ENVO:00000070	human construction	Built-environment
NCBITaxon:11137	Human coronavirus 229E	Human coronavirus 229E
NCBITaxon:290028	Human coronavirus HKU1	Human coronavirus HKU1
NCBITaxon:277944	Human coronavirus NL63	Human coronavirus NL63
NCBITaxon:31631	Human coronavirus OC43	Coronavirus OC43
ENVO:01000744	human dwelling	Dwelling type
EUPATH:0000306	human genotype information	Participant genotype
DOID:526	human immunodeficiency virus infectious disease	HIV
NCBITaxon:162145	Human metapneumovirus	Human metapneumovirus
NCBITaxon:11216	Human respirovirus 3	Human parainfluenza virus 3
EUPATH:0000095	human study subject identifier	Participant ID
OMRSE:00000142	human traveling information	Travel details
EUPATH:0000335	human waste disposal in a household	Human waste facilities
HP:0000238	Hydrocephalus	Hydrocephalus
CHEBI:16240	hydrogen peroxide	Hydrogen peroxide (H2O2)
DRON:00022124	Hydroxyzine Oral Solution	Hydroxyzine hydrochloride syrup
HP:0000975	Hyperhidrosis	Sweating
DOID:9993	hypoglycemia	Hypoglycemia
DRON:00020613	Ibuprofen Oral Suspension	Ibruprofen syrup
EUPATH:0000543	ICEMR organization	ICEMR
ONTONEO:00000255	idade gestacional medida	Gestational age
UBERON:0000466	immaterial anatomical entity	Host body habitat
HP:0002151	Increased serum lactate	Hyperlactataemia
EUPATH:0000588	indicator of whether a family moved	Family move
EUPATH:0010579	indicator of whether Adenovirus ELISA performed	Adenovirus ELISA performed
EUPATH:0000599	indicator of whether antibiotics given to mother of participant	Prenatal antibiotics (yes/no)
EUPATH:0010580	indicator of whether Astrovirus ELISA performed	Astrovirus ELISA performed
EUPATH:0000583	indicator of whether bee colony treated with tetracycline	Bee colony tetracycline
EUPATH:0000592	indicator of whether bee larvae treated with tetracycline	Bee larval tetracycline
EUPATH:0041029	indicator of whether blood smear performed	Blood smear performed
EUPATH:0000580	indicator of whether child exposed to antibiotics	Antibiotic exposure
EUPATH:0010590	indicator of whether Cryptosporidium ELISA performed	Cryptosporidium ELISA performed
EUPATH:0010591	indicator of whether Entamoeba histolytica ELISA performed	Entamoeba histolytica ELISA performed
EUPATH:0021056	indicator of whether falcivax performed	FalciVax RDT performed
EUPATH:0010592	indicator of whether Giardia ELISA performed	Giardia ELISA performed
EUPATH:0021046	indicator of whether malaria self-treated	Self-treated
EUPATH:0021031	indicator of whether microscopy assay performed	Microscopy performed
EUPATH:0010583	indicator of whether modified acid fast staining method performed	Modified acid stain microscopy performed
EUPATH:0010588	indicator of whether Norovirus RT-PCR performed	Norovirus qRT-PCR performed
EUPATH:0021060	indicator of whether optimal-IT performed	OptiMAL RDT performed
EUPATH:0023013	indicator of whether participant discharged from hospital	Discharged
EUPATH:0010418	indicator of whether participant eligible for enrollment	Eligible for enrollment
EUPATH:0021047	indicator of whether participant forgot treatment location within past year	Can't remember
EUPATH:0021090	indicator of whether participant had fever in last 48 hours	Fever in last 48 hours
EUPATH:0021096	indicator of whether participant had fever in last two weeks	Fever in last 2 weeks
EUPATH:0021088	indicator of whether participant has sign	Any signs
EUPATH:0021089	indicator of whether participant has symptom	Any symptoms
EUPATH:0000412	indicator of whether participant having existing illness	Existing illness
EUPATH:0023056	indicator of whether participant is member of tribe	Tribal affiliation
EUPATH:0023027	indicator of whether participant moved in past month	Moved in last month
EUPATH:0023026	indicator of whether participant moved in past twelve months	Moved in last 12 months
EUPATH:0022053	indicator of whether participant present for clinical visit	Present at visit
EUPATH:0010153	indicator of whether participant receiving medication	Currently receiving medication
EUPATH:0000409	indicator of whether participant taking antimalarial drugs as advised	Took antimalarial medication as advised
EUPATH:0000410	indicator of whether participant taking antimalarial drugs in last 2 weeks	Took antimalarial medication
EUPATH:0023046	indicator of whether participant taking fifth antimalarial medication	Take 5th antimalarial medication
EUPATH:0023045	indicator of whether participant taking fourth antimalarial medication	Take 4th antimalarial medication
EUPATH:0023040	indicator of whether participant taking initial antimalarial medication	Initiated antimalarial treatment
EUPATH:0023012	indicator of whether participant taking second antimalarial medication	Take 2nd antimalarial medication
EUPATH:0023024	indicator of whether participant taking third antimalarial medication	Take 3rd antimalarial medication
EUPATH:0000428	indicator of whether participant treated antimalarial drugs last year	Treated with antimalarials
EUPATH:0000417	indicator of whether person is sick now	Ill now
EUPATH:0000375	indicator of whether person plans to move	Plan to move
EUPATH:0000362	indicator of whether person received payment from primary economic activity	Receive payment for occupation
EUPATH:0000363	indicator of whether person received payment from secondary economic activity	Receive payment for occupation 2
EUPATH:0010581	indicator of whether Rotavirus ELISA performed	Rotavirus ELISA performed
EUPATH:0000594	indicator of whether specimen from mother or child	Mother or child
EUPATH:0021045	indicator of whether treated by private practice	Private doctor
EUPATH:0021044	indicator of whether treated in clinic	Clinic or hospital
OBI:0001141	individual organism identifier	Host ID
EUPATH:0000418	indoor residents information	Animals indoors
OBI:0003234	induced sputum assay	Induced sputum test
OBI:0003242	induced sputum microbiology assay	Induced sputum microbiology test
OBI:0002746	induced sputum specimen	Induced sputum sample
FOODON:03303130	infant formula	Infant formula
IDO:0000586	infection	Infection
EUPATH:0011756	information on acute lower respiratory tract disease	ALRI episodes
EUPATH:0000430	information on antimalarial drug used last year	Antimalarial treatment
EUPATH:0015112	information on asking for donations outside the household to pay for health care	Asking for donations outside the household
EUPATH:0000532	information on availability of immune response data	Immune responses
EUPATH:0000513	information on availability of molecular data	Availability of molecular data
EUPATH:0000534	information on availability of other molecular data	Other molecular
EUPATH:0000533	information on availability of parasite genetics data	Parasite genetics
EUPATH:0000531	information on availabilty of host genetics data	Host genetics
EUPATH:0000754	information on blood smear result	Blood smear summary
EUPATH:0015110	information on borrowing to pay for health care	Borrowing
EUPATH:0011730	information on breastfeeding process	Breastfeeding
EUPATH:0010002	information on case matching	Matched case
EUPATH:0020001	information on cause of death	Cause of death
EUPATH:0000600	information on class of antibiotics given to mom	Prenatal antibotics (by class)
EUPATH:0015107	information on cutting food expenses to pay for health care	Cutting down expenses from meals
EUPATH:0015108	information on cutting non-food expenses to pay for health care	Cutting down from other expenses
EUPATH:0015669	information on diarrhea treatment	Diarrhea treatment
EUPATH:0010378	information on diarrhea treatment before clinical visit	Diarrhea treatment before visit
EUPATH:0010391	information on diarrhea treatment by prescription	Diarrhea treatment by prescription at home
EUPATH:0010390	information on diarrhea treatment in health care facility	Diarrhea treatment given in health center
EUPATH:0010016	information on diarrheal episode	Diarrheal episodes
EUPATH:0000722	information on disposal of child excreta material	Child waste disposal
EUPATH:0000596	information on disposal of human excreta material	Waste disposal
EUPATH:0000302	information on dwelling facilities	Dwelling facilities
EUPATH:0000303	information on dwelling physical characteristics	Dwelling characteristics
EUPATH:0010036	information on eligibility criterion	Eligibility criteria
EUPATH:0000411	information on existing illness	Type of existing illness
EUPATH:0015113	information on health care paid for by relative or friend	Paid by relative or friend
EUPATH:0000515	information on informed consent for data collection and usage	Data consent
EUPATH:0000553	information on informed consent for future use of specimen	Future use consent
EUPATH:0000381	information on kitchen location	Kitchen location
EUPATH:0000425	information on malaria parasite infection diagnosis past year	Plasmodium species in last year
EUPATH:0000441	information on mosquito repellent sprayed in last 12 months	Sprayed in the last 12 months
EUPATH:0022055	information on most recent travel	Most recent travel
EUPATH:0000310	information on observation details	Observation details
EUPATH:0000391	information on organization responsible for treating bed nets	Bednet treater
EUPATH:0000514	information on original or follow up specimen collection	Collection type
EUPATH:0021066	information on participant forgetting whether used personal mosquito repellent	Can't remember
EUPATH:0000307	information on participant study details	Participant study details
EUPATH:0023055	information on participant travel in the last twelve months	Traveled in last 12 months
EUPATH:0000738	information on process	Observation
EUPATH:0010379	information on raising money for health care encounter	Money source for expenses before visit
EUPATH:0010037	information on relation to participant	Individuals related to participant
EUPATH:0022056	information on second most recent travel	Second most recent travel
EUPATH:0015111	information on selling assets to pay for health care	Selling assets
EUPATH:0010405	information on sex of matched case	"Sex, matched case"
EUPATH:0000387	information on travel in the last month	Traveled in last month
EUPATH:0000601	information on trimester antibiotics given to mom	Prenatal antibotics (by trimester)
EUPATH:0015109	information on using savings to pay for health care	Using savings
EUPATH:0000607	information on weight loss in last three months	Weight loss in last three months
EUPATH:0000344	information on when bed net last treated	Personal bednet treatment
EUPATH:0010380	information on where diarrheal treatment sought	Previously sought care
EUPATH:0021091	information on whether given malaria medication in past 2 weeks	Antimalarial medication in last 2 weeks
EUPATH:0000383	information on whether occupant owns or pays rent on dwelling	Home ownership
EUPATH:0022057	information on whether specimen collection prompted by sign of fever	Reason for sample collection
EUPATH:0000431	information on who treated malaria last year	Where treated
EUPATH:0010040	information specifying antibiotic administered before stool collection	Antibiotic administered before stool collection
EUPATH:0021036	information specifying Artesunate as antimalarial drug as most recent treatment within past year	Artesunate
EUPATH:0021025	information specifying fever self-treated in past 2 weeks	Self-treated
EUPATH:0021023	information specifying fever treated at clinic in past 2 weeks	Clinic
EUPATH:0021024	information specifying fever treated by private practicioner in past 2 weeks	Private practice
EUPATH:0000612	information specifying human or animal	Human or Animal
OBI:0000810	informed consent process	Informed consent
EUPATH:0022003	internal wall material	Internal wall material
OBI:0000115	intervention design	Experimental
EUPATH:0009260	inverse Simpson-indexed alpha diversity data	inverse Simpson-indexed alpha diversity data
OBI:0000066	investigation	Investigation type
OBI:0001628	investigation identifier	Study identifier
OBI:0001622	investigation title	Project name
EUPATH:0000748	iPCR datum	iPCR result
EUPATH:0000535	IRB number	IRB number
CHEBI:6076	itraconazole	Itraconazole
HP:0000952	Jaundice	Jaundice
EUPATH:0038722	kebele of Ethiopia	Kebele (subdistrict) in Ethiopia
DRON:00026073	Ketoconazole Medicated Shampoo	Ketoconazole shampoo
CHEBI:92511	ketotifen	Ketotifen
DOID:1074	kidney failure	Renal failure
NCBITaxon:570	Klebsiella	Klebsiella
NCBITaxon:571	Klebsiella oxytoca	Klebsiella oxytoca
NCBITaxon:573	Klebsiella pneumoniae	Klebsiella pneumoniae
CHEBI:15765	L-dopa	L-dopa
EUPATH:0000499	lab host	Lab host
OGMS:0000018	laboratory finding	Laboratory findings
DRON:00026595	Lactulose Oral Solution	Lactulose syrup
EUPATH:0000026	land area measurement datum	Acres
ENVO:01000582	landline telephone	Landline phone
OBI:0001620	latitude coordinate measurement datum	Latitude
EUPATH:0000621	lesion size	Lesion size (mm squared)
UBERON:0000105	life cycle stage	Host life stage
OBI:0400065	light source	Lighting source
FOODON:03412974	liquid chemical food component	Liquids for consumption
EUPATH:0021014	livestock animal	Livestock
EUPATH:0010067	location of death	Death location
EUPATH:0000542	location of specimen collection	Sample collection location
EUPATH:0000530	location where GPS coordinates were taken	GPS location
OBI:0001621	longitude coordinate measurement datum	Longitude
HP:0003419	Low back pain	Lower back pain
SYMP:0019176	malaise	Malaise
DOID:12365	malaria	Malaria
EUPATH:0000338	malaria diagnosis and parasite status information	Malaria diagnosis and parasite status
EUPATH:0000058	malaria medication	Antimalarial medication
EUPATH:0000036	malaria-related diagnosis	Malaria-related diagnosis
PATO:0000384	male	Male
DOID:12328	marasmus	Marasmus
EUPATH:0000374	marital status	Marital status
IAO:0000414	mass measurement datum	Weight
PATO:0001895	mating type	Mating type
EUPATH:0010078	mean height	Mean height
EUPATH:0010087	mean mid-upper arm circumference	Mean MUAC
DRON:00022367	Mebendazole Oral Suspension	Mebendazole syrup
EUPATH:0010079	median height	Median height
EUPATH:0010088	median mid-upper arm circumference	Median MUAC
DRON:00030925	Mefenamate Oral Suspension	Mefenamic acid
CHEBI:63609	mefloquine	Mefloquine
HP:0001942	Metabolic acidosis	Metabolic acidosis
EUPATH:0009248	metagenome enzyme pathway abundance data	Metagenome enzyme pathway abundance data
EUPATH:0009249	metagenome enzyme pathway coverage data	Metagenome enzyme pathway coverage data
EUPATH:0009246	metagenome pathway and function analysis	Metagenome pathway and function analysis
ARO:3004306	methicillin-resistant Staphylococcus aureus	Methicillin resistant Staphylococcus aureus
DRON:00001138	Metronidazole solution	Metronidazole syrup
CHEBI:600520	micafungin	Micafungin
DRON:00027639	Miconazole Oral Gel	Miconazole oral gel
EUPATH:0036236	"milk (4Z,7Z,10Z,13Z,16Z)-docosa-4,7,10,13,16-pentaenoic acid concentration"	Docosapentaenoic acid (5n6) (%)
EUPATH:0036235	"milk (7Z,10Z,13Z,16Z,19Z)-docosapentaenoic acid concentration"	Docosapentaenoic acid (5n3) (%)
EUPATH:0036233	"milk all-cis-icosa-8,11,14-trienoic acid concentration"	Dihomo-gamma-linolenic acid (%)
EUPATH:0036530	milk alpha-linolenic acid concentration	Alpha-linolenic acid (%)
EUPATH:0036229	milk arachidic acid concentration	Arachidic acid (%)
EUPATH:0036230	milk arachidonic acid concentration	Arachidonic acid (%)
EUPATH:0036284	milk C-C motif chemokine 2 concentration	Monocyte chemoattractant protein 1
EUPATH:0036285	milk C-C motif chemokine 3 concentration	Macrophage inflammatory protein 1 alpha
EUPATH:0036523	milk C-C motif chemokine 4 concentration	Macrophage inflammatory protein 1 beta
EUPATH:0036287	milk C-C motif chemokine 5 concentration	RANTES
EUPATH:0036283	milk chemokine ligand 10 concentration	Interferon gamma-induced protein 10
EUPATH:0036232	milk decanoic acid concentration	Capric acid (%)
EUPATH:0036234	milk docosahexaenoic acid concentration	Docosahexaenoic acid (%)
EUPATH:0036231	milk docosanoic acid concentration	Behenic acid (%)
EUPATH:0036237	milk docosatetraenoic acid concentration	Docosatetraenoic acid (%)
EUPATH:0036243	milk dodecanoic acid concentration	Lauric acid (%)
EUPATH:0036241	milk elaidic acid concentration	Elaidic acid (%)
EUPATH:0036273	milk eotaxin concentration	Eotaxin concentration
EUPATH:0036242	milk gamma-linolenic acid concentration	Gamma-linolenic acid (%)
EUPATH:0036274	milk granulocyte colony-stimulating factor concentration	Granulocyte-colony stimulating factor
EUPATH:0036275	milk granulocyte-macrophage colony-stimulating factor concentration	Granulocyte-macrophage colony stimulating factor
EUPATH:0036251	milk hexadecanoic acid concentration	Palmitic acid (%)
EUPATH:0036238	milk icosadienoic acid concentration	Eicosadienoic acid (%)
EUPATH:0036239	milk icosapentaenoic acid concentration	Eicosapentaenoic acid (%)
EUPATH:0036240	milk icosenoic acid concentration	Eicosenoic acid (%)
EUPATH:0036498	milk interferon gamma concentration	Interferon gamma
EUPATH:0036508	milk interleukin-1 beta concentration	Interleukin 1 beta
EUPATH:0036280	milk interleukin-1 receptor antagonist protein concentration	Interleukin 1 receptor agonist
EUPATH:0036500	milk interleukin-10 concentration	Interleukin 10
EUPATH:0036276	milk interleukin-12 complex concentration	"Interleukin 12, p70"
EUPATH:0036277	milk interleukin-13 concentration	Interleukin 13
EUPATH:0036278	milk interleukin-15 concentration	Interleukin 15
EUPATH:0036279	milk interleukin-17A concentration	Interleukin 17A
EUPATH:0036281	milk interleukin-2 concentration	Interleukin 2
EUPATH:0036510	milk interleukin-4 concentration	Interleukin 4
EUPATH:0036512	milk interleukin-5 concentration	Interleukin 5
EUPATH:0036514	milk interleukin-6 concentration	Interleukin 6
EUPATH:0036516	milk interleukin-7 concentration	Interleukin 7
EUPATH:0036519	milk interleukin-8 concentration	Interleukin 8
EUPATH:0036282	milk interleukin-9 concentration	Interleukin 9
EUPATH:0036308	milk lactadherin concentration	Milk fat globule-EGF factor 8
EUPATH:0036245	milk linoelaidic acid concentration	Linoelaidic acid (%)
EUPATH:0036246	milk linoleic acid concentration	Linoleic acid (%)
EUPATH:0036247	milk myristic acid concentration	Myristic acid (%)
EUPATH:0036248	milk nervonic acid concentration	Nervonic acid (%)
EUPATH:0036253	milk octadecanoic acid concentration	Stearic acid (%)
EUPATH:0036249	milk oleic acid concentration	Oleic acid (%)
EUPATH:0036250	milk palmitelaidic acid concentration	Palmitelaidic acid (%)
EUPATH:0036252	milk palmitoleic acid concentration	Palmitoleic acid (%)
EUPATH:0036286	milk platelet-derived growth factor complex concentration	Platelet derived growth factor
EUPATH:0036292	milk pro-epidermal growth factor concentration	Epidermal growth factor
OBI:0002505	milk specimen	Milk sample
EUPATH:0036244	milk tetracosanoic acid concentration	Lignoceric acid (%)
EUPATH:0036525	milk tumor necrosis factor concentration	Tumor necrosis factor alpha
NCIT:C120707	Mixed Flora	Mixed Commensal Flora
ENVO:01000581	mobile phone	Mobile phone
DRON:00026889	montelukast Oral Tablet	Montelukast
PATO:0001415	morbidity	Morbidity
EUPATH:0000324	mosquito parity information	Anopheles parity
ENVO:01000615	motorcycle	Motorcycle or scooter
DRON:00027970	moxifloxacin Ophthalmic Solution	Moxifloxacin eye drops
EUPATH:0000574	multilocus sequence type clade name	MLST Clade
DOID:17	musculoskeletal system disease	Musculoskeletal condition
HP:0003326	Myalgia	Muscle aches
NCBITaxon:36809	Mycobacteroides abscessus	Mycobacteroides abscessus
DRON:00022621	Naproxen Oral Suspension	Naproxen syrup
HP:0030863	Nasal flaring	Nasal flaring
OBI:0002606	nasopharyngeal swab specimen	Nasopharyngeal swab sample
ENVO:00000009	national geopolitical entity	Country
HP:0002018	Nausea	Nausea
NCBITaxon:487	Neisseria meningitidis	Neisseria meningitidis
HP:0003811	Neonatal death	Neonatal death
DOID:863	nervous system disease	Neurological condition
DRON:00026927	nitazoxanide Oral Solution	Nitazoxanide syrup
DRON:00022711	Nitrazepam Oral Tablet	Nitrazepam tablet
EUPATH:0021073	no knowledge of insecticide spraying in last 12 months	Can't remember
EUPATH:0021048	no Plasmodium by blood sample PCR	Negative
EUPATH:0021027	no Plasmodium by microscopy	Negative
EUPATH:0021059	no Plasmodium by optimal-IT	Negative
EUPATH:0021055	no presence of Plasmodium by falcivax	Negative
EUPATH:0021026	no treatment for fever	Not treated
EUPATH:0021016	no use of bed net	None
NCBITaxon:1817	Nocardia	Nocardia
EUPATH:0000059	non-malaria medication	Non-malaria medication
HP:0001897	Normocytic anemia	Severe normocytic anemia
EUPATH:0022004	number of beds with bednet	Beds with bednets count
EUPATH:0000595	number of child occupants in a dwelling	Child occupants
EUPATH:0000121	number of clinical visits	Total antenatal care visits
EUPATH:0000123	number of clinical visits resulting in an asymptomatic microscopic parasitemia diagnosis	Total visits with microscopic parasitemia
EUPATH:0000379	number of common areas in a dwelling	Common room count
EUPATH:0000492	number of courses of antibiotics given	Courses of antibiotics
EUPATH:0000497	number of courses of antibiotics received by mom prior to delivery	Mom's courses of delivery antibiotics
EUPATH:0000028	number of days eating meat in a week	Meat meals per week
EUPATH:0000191	number of days from time of participant enrollment in a study until current visit	Time since enrollment
EUPATH:0000350	number of days per week at primary job	Time spent in occupation every week
EUPATH:0000351	number of days per week at secondary job	Time spent in occupation 2 every week
EUPATH:0000192	number of fed female Anopheles funestus in a collection	Bloodfed Anopheles funestus count
EUPATH:0000193	number of fed female Anopheles gambiae in a collection	Bloodfed Anopheles gambiae count
EUPATH:0000194	number of female Anopheles dissected for parity in a collection	Anopheles dissected for parity count
EUPATH:0000195	number of female null parous Anopheles in a collection	Anopheles nulliparous count
EUPATH:0000196	number of female parous Anopheles in a collection	Anopheles parous count
EUPATH:0000197	number of gravid or semi-gravid Anopheles funestus in a collection	Gravid Anopheles funestus count
EUPATH:0000198	number of gravid or semi-gravid female Anopheles gambiae in a collection	Gravid Anopheles gambiae count
EUPATH:0000366	number of hours per day at primary economic activity	Time spent in occupation every day
EUPATH:0000367	number of hours per day at secondary economic activity	Time spent in occupation 2 every day
NCIT:C120835	Number of Induced Abortions	Elective abortions count
EUPATH:0000348	number of infections with P. falciparum in lifetime	Lifetime Plasmodium falciparum infections count
EUPATH:0000349	number of infections with P. falciparum in the last year	Plasmodium falciparum infections last year count
EUPATH:0000346	number of infections with P. vivax in lifetime	Lifetime Plasmodium vivax infections count
EUPATH:0000347	number of infections with P. vivax in the last year	Plasmodium vivax infections last year count
EUPATH:0000398	number of insecticide-treated bed nets treated less than 6 months ago	"ITN bednet count, treated <6 months ago"
EUPATH:0000399	number of insecticide-treated bed nets treated more than 6 months ago	"ITN bednet count, treated >6 months ago"
EUPATH:0000395	number of livestock	Livestock count
EUPATH:0000400	number of long last insecticide-treated bed nets	Long-lasting ITN bednet count
EUPATH:0000426	number of malaria diagnosis past year	Malaria diagnoses in the past year count
EUPATH:0000027	number of meals per day	Meals per day
EUPATH:0000427	number of months since malaria diagnosis	Time since last malaria diagnosis
EUPATH:0000200	number of non-gambiae or funestus female Anopheles species in a collection	Other female Anopheles species count
EUPATH:0000396	number of pets	Pet or other animal count
EUPATH:0000019	number of residents in a dwelling	Persons living in house
EUPATH:0000025	number of rooms for sleeping in a dwelling	Sleeping rooms in dwelling count
EUPATH:0000201	number of sleeping places in dwelling with a household	Sleeping places count
NCIT:C120837	Number of Spontaneous Abortions	Spontaneous abortions count
EUPATH:0000619	number of treatments	Number of treatments
EUPATH:0000202	number of unassessable Anopheles funestus in a collection	Unable to assess Anopheles funestus count
EUPATH:0000203	number of unassessable Anopheles gambiae in a collection	Unable to assess Anopheles gambiae count
EUPATH:0000204	number of unfed female Anopheles funestus in a collection	Unfed Anopheles funestus count
EUPATH:0000205	number of unfed female Anopheles gambiae in a collection	Unfed Anopheles gambiae count
EUPATH:0000401	number of untreated bed net	Untreated bednet count
EUPATH:0000014	numerical household wealth index	"Household wealth index, numerical"
DRON:00001109	Nystatin suspension	Nystatin suspension
OBI:0300311	observation design	Observational
EUPATH:0000359	occupation	Occupation
HP:0200026	Ocular pain	Eye pain
DRON:00022759	Ondansetron Oral Solution	Ondansetron syrup
OBI:0003042	optimal-IT rapid diagnostic test	"Plasmodium species, by OptiMAL RDT"
OBI:0100026	organism	Host organism
UBERON:0000463	organism substance	Host body product
OBI:0003080	organismal body temperature measurement assay	Temperature measurement method
OBI:0003073	organismal body temperature measurement datum	Temperature
OBI:0002608	oropharyngeal swab specimen	Oropharyngeal swab sample
NCBITaxon:2501931	Orthocoronavirinae	Coronavirus
DRON:00022806	Oxycodone Oral Tablet	Oxicone
HP:0012531	Pain	Aches or pains
HP:0000980	Pallor	Paleness
CHEBI:34905	paraquat	Paraquat
EUPATH:0000276	parasite clearance half life	Parasite clearance half life
EUPATH:0000277	parasite clearance rate	Parasite clearance rate
EUPATH:0000278	parasite clearance time	Parasite clearance time
EUPATH:0000536	parasite density by PCR	"Plasmodium, by PCR result"
OPL:0000181	parasite lifecycle stage	Parasite lifecycle stage
OPL:0000232	parasite organism	Parasite organism
EUPATH:0000572	parasite organism genotype information	Parasite genotype
EUPATH:0000757	parasite phenotype	Parasite phenotype
OBI:0003044	parasite species identification by PCR assay	"Plasmodium species, by qPCR"
EUPATH:0000423	parasite species information	"Plasmodium species, by microscopy"
EUPATH:0000761	parasite strain	Parasite strain
EUPATH:0000290	parasitemia start time	Parasitemia start time
EUPATH:0028020	parish of Uganda	Parish in Uganda
OBI:0003071	participant identifier	Subject ID
EUPATH:0000138	participant observation duration time	Observation period
EUPATH:0000104	participant under investigation	Organism under investigation
EUPATH:0000597	percent adult occupants in a dwelling	Percent adult occupants
EUPATH:0000598	percent male occupants in a dwelling	Percent male occupants
DRON:00026326	Permethrin Topical Cream	Permethrin cream
EUPATH:0000439	personal mosquito repellent	Personal mosquito repellent
OGMS:0000083	physical examination finding	Physical examination
EUPATH:0009264	plant taxon detected by sequence match	Plant taxon detected by sequence match
EUPATH:0021032	Plasmodium falciparum diagnosis within past year	Plasmodium falciparum
EUPATH:0000546	Plasmodium falciparum gametocyte density by microscope	"Plasmodium falciparum gametocytes, by microscopy result"
EUPATH:0000550	Plasmodium falciparum parasite density by microscope	"Plasmodium falciparum asexual stages, by microscopy result"
EUPATH:0000552	Plasmodium falciparum parasite density by PCR	"Plasmodium falciparum asexual stages, by PCR result"
EUPATH:0023028	Plasmodium falciparum parasitemia measurement datum	"Plasmodium falciparum parasitemia (%), by microscopy result"
EUPATH:0023018	Plasmodium gametocyte density by microscope	"Plasmodium gametocytes, by microscopy result"
EUPATH:0000537	Plasmodium in blood by microscopy assay datum	"Plasmodium, by microscopy result"
EUPATH:0020166	Plasmodium in blood by real time polymerase chain reaction assay datum	"Plasmodium, by qPCR result"
EUPATH:0042378	Plasmodium in umbilical cord blood by microscopy assay datum	"Plasmodium, by microscopy result"
EUPATH:0021034	Plasmodium malariae diagnosis within past year	Plasmodium malariae
EUPATH:0023029	Plasmodium malariae parasitemia measurement datum	"Plasmodium malariae parasitemia (%), by microscopy result"
EUPATH:0021033	Plasmodium vivax diagnosis within past year	Plasmodium vivax
EUPATH:0000547	Plasmodium vivax gametocyte density by microscope	"Plasmodium vivax gametocytes, by microscopy result"
EUPATH:0000548	Plasmodium vivax gametocyte density by RT-PCR	"Plasmodium vivax gametocytes, by RT-PCR result"
EUPATH:0000551	Plasmodium vivax parasite density by microscope	"Plasmodium vivax asexual stages, by microscopy result"
EUPATH:0000549	Plasmodium vivax parasite density by PCR	"Plasmodium vivax asexual stages, by PCR result"
EUPATH:0023030	Plasmodium vivax parasitemia measurement datum	"Plasmodium vivax parasitemia (%), by microscopy result"
OBI:0002515	pleural fluid specimen	Pleural fluid sample
CHEBI:64355	posaconazole	Posaconazole
DRON:00023088	Potassium Chloride Oral Solution	Potassium syrup (Electro K)
EUPATH:0000435	poverty line	Poverty line
DRON:00024920	Povidone Topical Solution	Povidone ointment
DRON:00001509	prednisolone tablet	Prednisolone tablet
HP:0100602	Preeclampsia	Preeclampsia
NCIT:C90491	Pregnancy Outcome	Pregnancy outcome
HP:0001557	Prenatal movement abnormality	Fetal movement
EUPATH:0010599	presence of Adenovirus by ELISA	"Adenovirus, by ELISA"
EUPATH:0010603	presence of Aeromonas by differential medium assay	"Aeromonas, by bacteriology"
EUPATH:0015401	presence of Ancylostoma duodenale by qPCR	"Ancylostoma duodenale, by RT-PCR"
EUPATH:0010734	presence of Ancylostomatoidea by microscopy	"Hookworm, by microscopy"
EUPATH:0015431	presence of Ancylostomatoidea by qPCR	"Hookworm, by RT-PCR"
EUPATH:0010607	presence of Ascaris lumbricoides by microscopy	"Ascaris lumbricoides, by microscopy"
EUPATH:0015402	presence of Ascaris lumbricoides by qPCR	"Ascaris lumbricoides, by RT-PCR"
EUPATH:0000540	presence of asexual parasite by PCR	"Plasmodium asexual stages, by PCR"
EUPATH:0010611	presence of Astrovirus by ELISA	"Astrovirus, by ELISA"
EUPATH:0015329	presence of Astrovirus Y by RT-PCR	"Astrovirus, by RT-PCR"
EUPATH:0010875	presence of bacteria	"Any bacteria, by any method"
EUPATH:0023004	presence of bacteria by microscopy	"Bacteria, by microscopy"
EUPATH:0010623	presence of Balantidium coli in feces by microscopy assay	"Balantidium coli, by microscopy"
EUPATH:0010998	presence of Campylobacter by differential medium assay	"Campylobacter, by bacteriology"
EUPATH:0010999	presence of Campylobacter by ELISA	"Campylobacter, by ELISA"
EUPATH:0015315	presence of Campylobacter coli by differential medium assay	"Campylobacter coli, by bacteriology"
EUPATH:0015316	presence of Campylobacter jejuni by differential medium assay	"Campylobacter jejuni, by bacteriology"
EUPATH:0010643	presence of Chilomastix mesnili in feces by microscopy assay	"Chilomastix mesnili, by microscopy"
EUPATH:0011000	presence of Cryptosporidium by ELISA	"Cryptosporidium, by ELISA"
EUPATH:0011001	presence of Cryptosporidium by modified acid stain microscopy	"Cryptosporidium, by modified acid stain microscopy result"
EUPATH:0010651	presence of Cyclospora by microscopy	"Cyclospora, by microscopy"
EUPATH:0010703	presence of Endolimax nana by microscopy	"Endolimax nana, by microscopy"
EUPATH:0010754	presence of Entamoeba coli by microscopy	"Entamoeba coli, by microscopy"
EUPATH:0010695	presence of Entamoeba histolytica by ELISA	"Entamoeba histolytica, by ELISA"
EUPATH:0010715	presence of Enterobius vermicularis by microscopy	"Enterobius vermicularis, by microscopy"
EUPATH:0010630	presence of Escherichia coli by differential medium assay	"Escherichia coli, by bacteriology result"
EUPATH:0000519	presence of gametocyte	Plasmodium gametocytes
EUPATH:0011003	presence of Giardia by ELISA	"Giardia, by ELISA"
EUPATH:0015429	presence of Helicobacter pylori by immunoassay	"Helicobacter pylori, by immunoassay"
EUPATH:0010726	presence of Hymenolepis diminuta by microscopy	"Hymenolepis diminuta, by microscopy"
EUPATH:0010730	presence of Hymenolepis nana by microscopy	"Hymenolepis nana, by microscopy"
EUPATH:0010738	presence of Iodamoeba butschlii by microscopy	"Iodamoeba butschlii, by microscopy"
EUPATH:0011005	presence of Isospora by microscopy	"Isospora, by microscopy"
EUPATH:0010494	presence of maximum fever temperature of at least 37.5 degrees	Fever at episode >37.5 C
EUPATH:0015437	presence of Necator americanus by qPCR	"Necator americanus, by RT-PCR"
EUPATH:0015299	presence of non-jejuni non-coli Campylobacter by differential medium assay	"Campylobacter (non-jejuni or coli), by bacteriology"
EUPATH:0010767	presence of Norovirus by RT-PCR	"Norovirus, by RT-PCR"
EUPATH:0010771	presence of Norovirus GI by RT-PCR	"Norovirus GI, by RT-PCR"
EUPATH:0010775	presence of Norovirus GII by RT-PCR	"Norovirus GII, by RT-PCR"
EUPATH:0021058	presence of pan-Plasmodium antigen by optimal-IT	Pan Plasmodium
EUPATH:0000523	presence of parasite	Presence of parasite species
EUPATH:0010997	presence of parasite by modified acid stain microscopy	"Any parasites, by modified acid stain microscopy"
EUPATH:0010889	presence of pathogen	"Any pathogen, by any method"
EUPATH:0023032	presence of Plasmodium by thick smear microscopy assay	"Plasmodium species, by thick smear microscopy"
EUPATH:0023033	presence of Plasmodium by thin smear microscopy assay	"Plasmodium species, by thin smear microscopy"
EUPATH:0000518	presence of Plasmodium falciparum	P. falciparum
EUPATH:0021049	presence of Plasmodium falciparum by blood sample PCR	Plasmodium falciparum
EUPATH:0021053	presence of Plasmodium falciparum by falcivax	Plasmodium falciparum
EUPATH:0021028	presence of Plasmodium falciparum by microscopy	Plasmodium falciparum
EUPATH:0021057	presence of Plasmodium falciparum by optimal-IT	Plasmodium falciparum
EUPATH:0000207	presence of Plasmodium gametocytes by microscopy	"Plasmodium gametocytes, by microscopy"
EUPATH:0000520	presence of Plasmodium knowlesi	P. knowlesi
EUPATH:0000521	presence of Plasmodium malariae	P. malariae
EUPATH:0021051	presence of Plasmodium malariae by blood sample PCR	Plasmodium malariae
EUPATH:0021030	presence of Plasmodium malariae by microscopy	Plasmodium malariae
EUPATH:0000522	presence of Plasmodium ovale	P. ovale
EUPATH:0021052	presence of Plasmodium ovale by blood sample PCR	Plasmodium ovale
EUPATH:0000524	presence of Plasmodium vivax	P. vivax
EUPATH:0021050	presence of Plasmodium vivax by blood sample PCR	Plasmodium vivax
EUPATH:0021054	presence of Plasmodium vivax by falcivax	Plasmodium vivax
EUPATH:0021029	presence of Plasmodium vivax by microscopy	Plasmodium vivax
EUPATH:0010789	presence of Plesiomonas shigelloides by differential medium assay	"Plesiomonas shigelloides, by bacteriology"
EUPATH:0010793	presence of Rotavirus by ELISA	"Rotavirus, by ELISA"
EUPATH:0010797	presence of Salmonella in feces by differential medium assay	"Salmonella, by bacteriology"
EUPATH:0015295	presence of Salmonella non-typhi by differential medium assay	"Salmonella non-typhi, by bacteriology"
EUPATH:0015294	presence of Salmonella typhi by differential medium assay	"Salmonella typhi, by bacteriology"
EUPATH:0015296	presence of Sapovirus by RT-PCR	"Sapovirus, by RT-PCR"
EUPATH:0010801	presence of Schistosoma by microscopy	"Schistosoma, by microscopy"
EUPATH:0015320	presence of Shigella boydii by differential medium assay	"Shigella boydii, by bacteriology"
EUPATH:0010805	presence of Shigella by differential medium assay	"Shigella, by bacteriology"
EUPATH:0015441	presence of Shigella dysenteria serotype 1 by differential medium assay	"Shigella dysenteriae serotype 1, by bacteriology result"
EUPATH:0015321	presence of Shigella dysenteriae by differential medium assay	"Shigella dysenteriae, by bacteriology"
EUPATH:0015443	presence of Shigella flexneri 1a by differential medium assay	"Shigella flexneri serotype 1A, by bacteriology"
EUPATH:0015444	presence of Shigella flexneri 1b by differential medium assay	"Shigella flexneri serotype 1B, by bacteriology"
EUPATH:0015445	presence of Shigella flexneri 2a by differential medium assay	"Shigella flexneri serotype 2A, by bacteriology"
EUPATH:0015446	presence of Shigella flexneri 2b by differential medium assay	"Shigella flexneri serotype 2B, by bacteriology"
EUPATH:0015447	presence of Shigella flexneri 3a by differential medium assay	"Shigella flexneri serotype 3A, by bacteriology"
EUPATH:0015448	presence of Shigella flexneri 3b by differential medium assay	"Shigella flexneri serotype 3B, by bacteriology"
EUPATH:0015449	presence of Shigella flexneri 3c by differential medium assay	"Shigella flexneri 3C, by bacteriology"
EUPATH:0015324	presence of Shigella flexneri 4a by differential medium assay	"Shigella flexneri serotype 4A, by bacteriology"
EUPATH:0015301	presence of Shigella flexneri 4b by differential medium assay	"Shigella flexneri serotype 4B, by bacteriology"
EUPATH:0015325	presence of Shigella flexneri 4c by differential medium assay	"Shigella flexneri serotype 4C, by bacteriology"
EUPATH:0015326	presence of Shigella flexneri 5a by differential medium assay	"Shigella flexneri serotype 5A, by bacteriology"
EUPATH:0015302	presence of Shigella flexneri 5b by differential medium assay	"Shigella flexneri serotype 5B, by bacteriology"
EUPATH:0015303	presence of Shigella flexneri 6 by differential medium assay	"Shigella flexneri serotype 6, by bacteriology"
EUPATH:0015442	presence of Shigella flexneri 7 by differential medium assay	"Shigella flexneri serotype 7, by bacteriology result"
EUPATH:0015450	presence of Shigella flexneri 7a by differential medium assay	"Shigella flexneri 7A, by bacteriology"
EUPATH:0015319	presence of Shigella flexneri by differential medium assay	"Shigella flexneri, by bacteriology"
EUPATH:0015327	presence of Shigella flexneri X by differential medium assay	"Shigella flexneri serotype X, by bacteriology"
EUPATH:0015328	presence of Shigella flexneri Y by differential medium assay	"Shigella flexneri serotype Y, by bacteriology"
EUPATH:0015323	presence of Shigella sonnei by differential medium assay	"Shigella sonnei, by bacteriology"
EUPATH:0010809	presence of Strongyloides stercoralis by microscopy	"Strongyloides stercoralis, by microscopy"
EUPATH:0015456	presence of Strongyloides stercoralis by qPCR	"Strongyloides stercoralis, by RT-PCR"
EUPATH:0000487	presence of submicrosopic parasites by loop-mediated isothermal amplification assay	"Plasmodium, by LAMP"
EUPATH:0010821	presence of Taenia by microscopy	"Taenia, by microscopy"
EUPATH:0010615	presence of Trichuris trichiura by microscopy	"Trichuris trichiura, by microscopy"
EUPATH:0010825	presence of Vibrio by differential medium assay	"Vibrio, by bacteriology"
EUPATH:0015306	presence of Vibrio cholerae by differential medium assay	"Vibrio cholerae, by bacteriology"
EUPATH:0015291	presence of Vibrio cholerae Inaba by differential medium assay	"Vibrio cholerae O1 Inaba, by bacteriology"
EUPATH:0015309	presence of Vibrio cholerae non-(O1 or O139) in feces by differential medium assay	"Vibrio cholerae non-O1/O139, by bacteriology"
EUPATH:0015290	presence of Vibrio cholerae O1 by differential medium assay	"Vibrio cholerae O1, by bacteriology"
EUPATH:0015461	presence of Vibrio cholerae O1 El Tor by differential medium assay	"Vibrio cholerae O1 El Tor, by bacteriology result"
EUPATH:0015293	presence of Vibrio cholerae O139 by differential medium assay	"Vibrio cholerae O139, by bacteriology"
EUPATH:0015292	presence of Vibrio cholerae Ogawa by differential medium assay	"Vibrio cholerae O1 Ogawa, by bacteriology"
EUPATH:0015312	presence of Vibrio non-(cholerae or parahaemolyticus) in feces by differential medium assay	"Vibrio (other species), by bacteriology"
EUPATH:0015322	presence of Vibrio parahaemolyticus by differential medium assay	"Vibrio parahaemolyticus, by bacteriology"
EUPATH:0010931	presence of virus	"Any virus, by any method"
EUPATH:0010829	presence of Yersinia enterocolitica by microscopy	"Yersinia enterocolitica, by bacteriology"
ONTONEO:00000271	preterm labour	Preterm birth
CHEBI:8405	primaquine	Primaquine
EUPATH:0000360	primary economic activity pay period	Occupation payment frequency
EUPATH:0021075	private healthcare information	Private
BFO:0000015	process	Observation type
OBI:0003056	proportion mapped reads	Proportion mapped reads
SYMP:0000116	prostration	Prostration
EUPATH:0009266	protist taxon detected by sequence match	Protist taxon detected by sequence match
NCIT:C50996	Protocol Deviation	Protocol deviations
EUPATH:0026007	province of Thailand	Province in Thailand
NCBITaxon:286	Pseudomonas	Pseudomonas
NCBITaxon:47886	Pseudomonas luteola	Pseudomonas luteola
NCBITaxon:303	Pseudomonas putida	Pseudomonas putida
EUPATH:0021074	public healthcare information	Public
HP:0100598	Pulmonary edema	Pulmonary edema
EUPATH:0021041	pyrimethamine or sulphadoxine as most recent malaria treatment	Pyrimethamine/sulphadoxine
EUPATH:0022060	qPCR threshold cycle for Plasmodium falciparum in blood	"Plasmodium falciparum, by qPCR result"
EUPATH:0022059	qPCR threshold cycle for Plasmodium vivax in blood	"Plasmodium vivax, by qPCR result"
EUPATH:0021042	quinine or quinidine as most recent malaria treatment	Quinine/quinidine
ENVO:01000577	radio device	Radio
OBCS:0000107	randomized controlled trial design	Randomized controlled/clinical trial
DRON:00027488	Ranitidine Oral Solution	Ranitidine syrup
EUPATH:0000541	rapid diagnosis test result as positive or negative	RDT results
GENEPIO:0000092	read coverage	Average mapping coverage
EUPATH:0022058	reason besides fever for specimen collection	Other reason for sample collection
EUPATH:0000208	reason for participant withdrawal	Reason for withdrawal
EUPATH:0015116	rectal prolapse information	Rectal prolapse
HP:0004372	Reduced consciousness/confusion	Altered consciousness
NCIT:C25641	Reference	Reference
ENVO:01000583	refrigerator	Refrigerator
EUPATH:0044180	region of Uganda	Region in Uganda
EUPATH:0010024	rehydration treatment	Rehydration therapy
EUPATH:0000376	relationship to head of household	Relationship to household head
EUPATH:0009253	relative abundance of class data	Relative abundance of class data
EUPATH:0009255	relative abundance of family data	Relative abundance of family data
EUPATH:0009256	relative abundance of genus data	Relative abundance of genus data
EUPATH:0009251	relative abundance of kingdom data	Relative abundance of kingdom data
EUPATH:0009254	relative abundance of order data	Relative abundance of order data
EUPATH:0009252	relative abundance of phylum data	Relative abundance of phylum data
EUPATH:0009257	relative abundance of species data	Relative abundance of species data
EUPATH:0009250	relative taxonomic abundance analysis	Relative taxonomic abundance analysis
HP:0000083	Renal insufficiency	Renal failure
EUPATH:0000440	resident status information	Resident status
PHIPO:0000625	resistance to posaconazole	Resistance to posaconazole
PHIPO:0000590	resistance to voriconazole	Resistance to voriconazole
OMP:0006055	resistant to azole	Resistance to azole
CMO:0000289	respiration rate	Respiratory rate
HP:0002098	Respiratory distress	Respiratory distress
EUPATH:0015072	respiratory distress since illness began information	Difficulty breathing
NCBITaxon:12814	Respiratory syncytial virus	Respiratory syncytial virus
DOID:1579	respiratory system disease	Respiratory condition
DOID:4483	rhinitis	Runny nose or nasal congestion
DRON:00023306	Riboflavin Oral Tablet	Riboflavin tablet
EUPATH:0022038	rivers traveled on most recent trip	River traveled on most recent trip
EUPATH:0000003	roof material	Roof material
EUPATH:0000364	salary of primary economic activity	Occupation salary
EUPATH:0000365	salary of secondary economic activity	Occupation 2 salary
DRON:00001511	salbutamol suspension	Salbutamol syrup
OBI:0002507	saliva specimen	Saliva sample
OBI:0001508	sampling time measurement datum	Study timepoint
DOID:1395	schistosomiasis	Schistosomiasis
EUPATH:0010085	second mid-upper arm circumference datum	"MUAC, 2nd"
EUPATH:0010097	second respiratory rate measurement datum	"Respiratory rate, 2nd"
EUPATH:0000361	secondary economic activity  pay period	Occupation 2 payment frequency
EUPATH:0000358	secondary economic activity in last month	Additional job in the past month
EUPATH:0000355	secondary occupation	Occupation 2
SYMP:0000124	seizure	Seizures
OBI:0600047	sequencing assay	Sequencing assay
EUPATH:0000604	sequencing batch information	Sequencing batch
OBI:0001891	sequencing facility organization	Sequencing center
OBI:0003069	sequencing protocol	Sequencing
NCBITaxon:613	Serratia	Serratia
NCBITaxon:614	Serratia liquefaciens	Serratia liquefaciens
NCBITaxon:615	Serratia marcescens	Serratia marcescens
NCIT:C173766	Severe Acute Respiratory Infection	Severe Acute Respiratory Infection (SARI)
EUPATH:0000215	severe anemia	Severe anemia
EUPATH:0009259	Shannon-indexed alpha diversity data	Shannon-indexed alpha diversity data
NCBITaxon:24	Shewanella putrefaciens	Shewanella putrefaciens
HP:0031273	Shock	Shock
EUPATH:0000035	sickle hemoglobin genotype	HbS genotype
DRON:00026348	Silver Sulfadiazine Topical Cream	Silver sulfadiazine (Burnsil)
DRON:00023392	Simethicone Oral Solution	Flacol drops
DOID:37	skin disease	Skin condition
EUPATH:0000632	skin lesion duration	Skin lesion duration (days)
EUPATH:0000610	skin symptom or sign information	Skin phenotype
EUPATH:0000617	skin type swabbed	Skin type swabbed
EUPATH:0000216	slept in an insecticide treated net last night information	ITN last night
HP:0001518	Small for gestational age	Small for gestational age
EUPATH:0000304	socioeconomic factor	Socioeconomic factors
DRON:00020431	Sodium Chloride Nasal Solution	Norsol nasal drops
ENVO:01000588	sofa	Sofa
OBI:0100051	specimen	Sample type
OBI:0000659	specimen collection process	Sample collection
OBI:0003070	specimen collection protocol	Sample collection device or method
EUPATH:0000753	specimen collection time in year	Collection year
OBI:0001619	specimen collection time measurement datum	Sample collection date
OBI:0003084	specimen collection time post infection	Sample collection time post infection (days)
OBI:0001895	specimen collector	Sample collector
OBI:0001616	specimen identifier	Sample ID
OBI:0001901	specimen identifier assigned by sequencing facility	Alternative sample ID
EUPATH:0000609	specimen information	Sample
EUPATH:0000611	specimen source information	Sample source
EUPATH:0000432	specimen used for DNA PCR	PCR DNA sample source
HP:0001744	Splenomegaly	Splenomegaly
HP:0005268	Spontaneous abortion	Spontaneous abortion
EUPATH:0000325	sporozoite testing information	Sporozoite testing
NCBITaxon:1279	Staphylococcus	Staphylococcus
EUPATH:0000442	state name of birth	State of birth
EUPATH:0021095	state of India	State in India
NCBITaxon:40323	Stenotrophomonas	Stenotrophomonas
HP:0003826	Stillbirth	Stillbirth
EUPATH:0010039	stool collection process	Stool sample collection process
EUPATH:0010217	stool consistency	Stool consistency
EUPATH:0015458	stool test for microorganisms date	Test date
EUPATH:0021079	stream water	Stream or river
NCBITaxon:1313	Streptococcus pneumoniae	Streptococcus pneumoniae
NCBITaxon:1314	Streptococcus pyogenes	Streptococcus pyogenes
HP:0010307	Stridor	Stridor
EUPATH:0015455	Strongyloides stercoralis in feces by reverse transcription polymerase chain reaction assay datum	"Strongyloides stercoralis, by RT-PCR result"
OBI:0500000	study design	Study design
EUPATH:0000639	study group	Study group
EUPATH:0010035	study participant administrative information	Administrative information
EUPATH:0000096	study participant information	Participant
EUPATH:0000054	subcounty of Uganda	Sub-county in Uganda
EUPATH:0026002	subdistrict of Thailand	Subdistrict in Thailand
EUPATH:0000100	subjective fever	Subjective fever
ENVO:00000501	submerged bed	Bed
EUPATH:0023044	subnational region relocated from within past 12 months	States moved from in last 12 months
EUPATH:0023042	subnational region relocated from within past month	State moved from in last month
EUPATH:0023047	subnational region visited within past 12 months	States visited in last 12 months
EUPATH:0023043	subnational region visited within past month	State visited in last month
DRON:00032047	Sulfamethoxazole / Trimethoprim Oral Solution	Cotrimoxazole syrup
EUPATH:0000217	sum number of female Anopheles examined for sporozoites in a collection	Anopheles tested for sporozoites count
EUPATH:0000136	sum number of female Anopheles funestus in a collection	Female Anopheles funestus count
EUPATH:0000137	sum number of female Anopheles gambiae in a collection	Female Anopheles gambiae count
EUPATH:0000135	sum number of female Anopheles in a collection	Female Anopheles count
EUPATH:0000218	sum number of female Anopheles with Plasmodium sporozoites in a collection	Sporozoite-pos Anopheles count
EUPATH:0000605	summary information of investigation	Study summary
EUPATH:0010356	symptom in last seven days information	Symptoms in the last 7 days
EUPATH:0000309	symptom or sign information	Signs and symptoms
EUPATH:0010357	symptom since illness began information	Symptoms since illness began
ENVO:01000584	table	Table
EUPATH:0000443	take fever suppressant information	On fever suppressant
EUPATH:0000444	taluk of India	Taluk in India
EUPATH:0011854	TaqMan threshold cycle for Blastocystis in stool	"Blastocystis, by TAC result"
EUPATH:0011855	TaqMan threshold cycle for Clostridium difficile in feces	"Clostridium difficile, by TAC result"
EUPATH:0015343	TaqMan threshold cycle for Cryptosporidium hominis in feces	"Cryptosporidium hominis, by TAC result"
EUPATH:0015344	TaqMan threshold cycle for Cryptosporidium parvum in feces	"Cryptosporidium parvum, by TAC result"
EUPATH:0015345	TaqMan threshold cycle for Cyclospora in feces	"Cyclospora, by TAC result"
EUPATH:0015352	TaqMan threshold cycle for Encephalitozoon intestinalis in feces	"Encephalitozoon intestinalis, by TAC result"
EUPATH:0015351	TaqMan threshold cycle for Entamoeba histolyica in feces	"Entamoeba histolytica, by TAC result"
EUPATH:0011856	TaqMan threshold cycle for Entamoeba in feces	"Entamoeba, by TAC result"
EUPATH:0015360	TaqMan threshold cycle for Giardia in feces	"Giardia, by TAC result"
EUPATH:0015361	TaqMan threshold cycle for Helicobacter pylori in feces	"Helicobacter pylori, by TAC result"
EUPATH:0011864	TaqMan threshold cycle for Hymenolepis nana in feces	"Hymenolepis nana, by TAC result"
EUPATH:0015362	TaqMan threshold cycle for Isospora in feces	"Isospora, by TAC result"
EUPATH:0011865	TaqMan threshold cycle for Mycobacterium tuberculosis in feces	"Mycobacterium tuberculosis, by TAC result"
EUPATH:0015363	TaqMan threshold cycle for Necator in feces	"Necator, by TAC result"
EUPATH:0011868	TaqMan threshold cycle for Plesiomonas in feces	"Plesiomonas, by TAC result"
EUPATH:0015366	TaqMan threshold cycle for Rotavirus in feces	"Rotavirus, by TAC result"
EUPATH:0015381	TaqMan threshold cycle for Salmonella in feces	"Salmonella, by TAC result"
EUPATH:0015382	TaqMan threshold cycle for Sapovirus in feces	"Sapovirus, by TAC result"
EUPATH:0015386	TaqMan threshold cycle for Strongyloides in feces	"Strongyloides, by TAC result"
EUPATH:0015387	TaqMan threshold cycle for Trichuris in feces	"Trichuris trichiura, by TAC result"
EUPATH:0015388	TaqMan threshold cycle for Vibrio cholerae in feces	"Vibrio cholerae, by TAC result"
EUPATH:0009267	taxon detected by sequence match	Taxon detected by sequence match
ENVO:01000580	telephone	Telephone (mobile or non-mobile)
ENVO:01000579	television set	Television
EUPATH:0021043	tetracycline or doxycycline as most recent malaria treatment	Tetracycline/doxycycline
DRON:00027939	Tetracycline Topical Lotion	Tetrasol
DRON:00023558	Theophylline Oral Solution	Theophylline
EUPATH:0010086	third mid-upper arm circumference datum	"MUAC, 3rd"
EUPATH:0010220	time of first antibiotic administration to human participant under investigation	Time of 1st antibiotic administration
EUPATH:0022064	time of most recent bednet treatment	Last bednet treatment
EUPATH:0023002	time of participant first enrolled in a study	Enrollment time
EUPATH:0010320	time of rehydration	Rehydration time
EUPATH:0000219	time of screening	Timing of enrollment
EUPATH:0000750	time to first malaria diagnosis	Time to first malaria diagnosed
EUPATH:0000745	time to onset	Time to onset
EUPATH:0000751	time to reinfection	Time to reinfection
CHEBI:28864	tobramycin	Tobramycin
DRON:00025989	Tobramycin Ophthalmic Solution	Tobramycin eye drops
EUPATH:0000450	traveled information in last 14 days	Traveled in last 2 weeks
EUPATH:0022033	traveled within two weeks earlier than fourth most recent malaria episode	Traveled in the 2 weeks before 4th most recent malaria episode
EUPATH:0022030	traveled within two weeks earlier than most recent malaria episode	Traveled in the 2 weeks before most recent malaria episode
EUPATH:0022031	traveled within two weeks earlier than second most recent malaria episode	Traveled in the 2 weeks before 2nd most recent malaria episode
EUPATH:0022032	traveled within two weeks earlier than third most recent malaria episode	Traveled in the 2 weeks before 3rd most recent malaria episode
OGMS:0000090	treatment	Treatment
EUPATH:0000291	treatment outcome information	Treatment outcome
EUPATH:0023050	treatment start date	Treatment start date
EUPATH:0023051	treatment start time	Treatment start time
CHEBI:35727	triazoles	Triazoles
NCIT:C69121	Trimester	Trimester
DOID:399	tuberculosis	Tuberculosis
OBI:2000012	umbilical cord blood specimen	Umbilical cord blood sample
EUPATH:0035013	union council of Bangladesh	Union council in Bangladesh
OBI:0003043	urine assay	Urine test
OBI:0003286	urine microbiology assay	Urine microbiology test
CMO:0000591	urine protein level	Urine protein
OBI:0000651	urine specimen	Urine sample
NCIT:C92904	Uterine Contraction	Abdominal pain/contractions
NCIT:C92913	Vaginal Bleeding during Pregnancy	Vaginal bleeding
EUPATH:0000341	vector control intervention information	Household vector intervention
EUPATH:0000578	vertical distance below a surface measurement datum	Depth
ENVO:01000773	village	Village
EUPATH:0000575	virulence score (LDt50)	Virulence Score (LDt50)
EUPATH:0000576	virulence score (slope)	Virulence Score (slope)
NCIT:C83101	Visit Number	Visit number
EUPATH:0000445	visited country name	Country visited
EUPATH:0000446	visited district name	District visited
EUPATH:0000447	visited state name	State visited
EUPATH:0000448	visited taluk name	Taluk visited
EUPATH:0000449	visited village name	Village visited
DRON:00023027	Vitamin K 1 Injectable Solution	Konakion injection (vitamin K)
HP:0002013	Vomiting	Vomiting
CHEBI:10023	voriconazole	Voriconazole
EUPATH:0000009	wall material	Wall material
EUPATH:0049405	ward of Tanzania	Ward in Tanzania
ENVO:01001260	waste disposal process	Garbage disposal
EUPATH:0010102	water container	Drinking water container
EUPATH:0021076	water piped into dwelling	Indoor plumbing
CMO:0000027	white blood cell count	White blood cells
EUPATH:0038723	woreda of Ethiopia	Cranial ultrasound date
EUPATH:0000763	World Health Organization core health indicator subdomain	WHO indicator subdomain
DRON:00025987	xylometazoline Nasal Solution	Xylometazoline drop
EUPATH:0000378	years of living in the community	Time living in settlement
EUPATH:0000377	years of living in the dwelling	Time living in dwelling
DRON:00051859	Zinc Sulfate 20 MG Oral Tablet	Baby zinc tablet
EUPATH:0038721	zone of Ethiopia	Zone in Ethiopia
EUPATH:0010001	obsolete antibiotic administration process	Antibiotic administration before stool collection
EUPATH:0000392	obsolete information on contact with malaria	Contact with malaria