Ontology ID	label	definition	term editor	logical type	parent	organism
ID	A rdfs:label	A definition	A term editor SPLIT=|	CLASS_TYPE	C %	SC 'is about' some %
EUPATH:0011855	threshold cycle for Clostridioides difficile in feces	The threshold cycle that is the specified output of a fluorogenic PCR assay that has the objective of determining the number of Clostridioides difficile in a feces specimen.	Person: John Judkins	subclass	bacteria in feces datum	Clostridioides difficile
EUPATH:0011865	threshold cycle for Mycobacterium tuberculosis in feces	The threshold cycle that is the specified output of a fluorogenic PCR assay that has the objective of determining the number of Mycobacterium tuberculosis in a feces specimen.	Person: John Judkins	subclass	bacteria in feces datum	Mycobacterium tuberculosis
EUPATH:0011868	threshold cycle for Plesiomonas in feces	The threshold cycle that is the specified output of a fluorogenic PCR assay that has the objective of determining the number of Plesiomonas in a feces specimen.	Person: John Judkins	subclass	bacteria in feces datum	Plesiomonas
EUPATH:0015381	threshold cycle for Salmonella in feces	The threshold cycle that is the specified output of a fluorogenic PCR assay that has the objective of determining the number of Salmonella in a feces specimen.	Person: John Judkins	subclass	bacteria in feces datum	Salmonella
EUPATH:0015388	threshold cycle for Vibrio cholerae in feces	The threshold cycle that is the specified output of a fluorogenic PCR assay that has the objective of determining the number of Vibrio cholerae in a feces specimen.	Person: John Judkins	subclass	bacteria in feces datum	Vibrio cholerae
EUPATH:0015337	threshold cycle for Bacteroides fragilis in feces	The threshold cycle that is the specified output of a real time polymerase chain reaction assay that has the objective of determining the amount of Plasmodium falciparum in a blood specimen.	Person: John Judkins	subclass	bacteria in feces datum	Bacteroides fragilis
EUPATH:0015338	threshold cycle for Campylobacter in feces	The threshold cycle that is the specified output of a fluorogenic PCR assay that has the objective of determining the number of Campylobacter in a feces specimen.	Person: John Judkins	subclass	bacteria in feces datum	Campylobacter
EUPATH:0015332	threshold cycle for Aeromonas in feces	The threshold cycle that is the specified output of a fluorogenic PCR assay that has the objective of determining the number of Aeromonas in a feces specimen.	Person: John Judkins	subclass	bacteria in feces datum	Aeromonas
EUPATH:0015381	threshold cycle for Salmonella in feces	The threshold cycle that is the specified output of a fluorogenic PCR assay that has the objective of determining the number of Salmonella in a feces specimen.	Person: John Judkins	subclass	bacteria in feces datum	Salmonella
EUPATH:0032534	threshold cycle for Legionella in induced sputum	The threshold cycle that is the specified output of a multiplexed qPCR assay that has the objective of determining the number of Legionella in an induced sputum specimen.	Person: John Judkins	subclass	bacteria in induced sputum datum	Legionella
EUPATH:0032550	threshold cycle for Salmonella in induced sputum	The threshold cycle that is the specified output of a multiplexed qPCR assay that has the objective of determining the number of Salmonella in a induced sputum specimen.	Person: John Judkins	subclass	bacteria in induced sputum datum	Salmonella
EUPATH:0032493	threshold cycle for Bordella pertussis in induced sputum	The threshold cycle that is the specified output of a multiplexed qPCR assay that has the objective of determining the number of Bordella pertussis in a induced sputum specimen.	Person: John Judkins	subclass	bacteria in induced sputum datum	Bordella pertussis
EUPATH:0032659	threshold cycle for Bordella pertussis in induced sputum	The threshold cycle that is the specified output of a multiplexed qPCR assay that has the objective of determining the number of Bordella pertussis in a lung aspirate specimen.	Person: John Judkins	subclass	bacteria in induced sputum datum	Bordella pertussis
EUPATH:0032542	threshold cycle for Mycoplasma pneumoniae in induced sputum	The threshold cycle that is the specified output of a multiplexed qPCR assay that has the objective of determining the number of Mycoplasma pneumoniae in a induced sputum specimen.	Person: John Judkins	subclass	bacteria in induced sputum datum	Mycoplasma pneumoniae
EUPATH:0032555	threshold cycle for Staphylococcus aureus in induced sputum	The threshold cycle that is the specified output of a multiplexed qPCR assay that has the objective of determining the number of Staphylococcus aureus in an induced sputum specimen.	Person: John Judkins	subclass	bacteria in induced sputum datum	Staphylococcus aureus
EUPATH:0032520	threshold cycle for Haemophilus influenzae in induced sputum	The threshold cycle that is the specified output of a multiplexed qPCR assay that has the objective of determining the number of Haemophilus influenzae in an induced sputum specimen.	Person: John Judkins	subclass	bacteria in induced sputum datum	Haemophilus influenzae
EUPATH:0032564	threshold cycle for Streptococcus pneumoniae in induced sputum	The threshold cycle that is the specified output of a multiplexed qPCR assay that has the objective of determining the number of Streptococcus pneumoniae in an induced sputum specimen.	Person: John Judkins	subclass	bacteria in induced sputum datum	Streptococcus pneumoniae
EUPATH:0032537	threshold cycle for Moraxella catarrhalis in induced sputum	The threshold cycle that is the specified output of a multiplexed qPCR assay that has the objective of determining the number of Moraxella catarrhalis in an induced sputum specimen.	Person: John Judkins	subclass	bacteria in induced sputum datum	Moraxella catarrhalis
EUPATH:0032667	threshold cycle for Legionella in lung	The threshold cycle that is the specified output of a multiplexed qPCR assay that has the objective of determining the number of Legionella in a lung aspirate specimen.	Person: John Judkins	subclass	bacteria in lung datum	Legionella
EUPATH:0032673	threshold cycle for Salmonella in lung	The threshold cycle that is the specified output of a multiplexed qPCR assay that has the objective of determining the number of Salmonella in a lung aspirate specimen.	Person: John Judkins	subclass	bacteria in lung datum	Salmonella
EUPATH:0032671	threshold cycle for Mycoplasma pneumoniae in lung	The threshold cycle that is the specified output of a multiplexed qPCR assay that has the objective of determining the number of Mycoplasma pneumoniae in a lung aspirate specimen.	Person: John Judkins	subclass	bacteria in lung datum	Mycoplasma pneumoniae
EUPATH:0032675	threshold cycle for Staphylococcus aureus in lung	The threshold cycle that is the specified output of a multiplexed qPCR assay that has the objective of determining the number of Staphylococcus aureus in a lung aspirate specimen.	Person: John Judkins	subclass	bacteria in lung datum	Staphylococcus aureus
EUPATH:0032663	threshold cycle for Haemophilus influenzae in lung	The threshold cycle that is the specified output of a multiplexed qPCR assay that has the objective of determining the number of Haemophilus influenzae in a lung aspirate specimen.	Person: John Judkins	subclass	bacteria in lung datum	Haemophilus influenzae
EUPATH:0032677	threshold cycle for Streptococcus pneumoniae in lung	The threshold cycle that is the specified output of a multiplexed qPCR assay that has the objective of determining the number of Streptococcus pneumoniae in a lung aspirate specimen.	Person: John Judkins	subclass	bacteria in lung datum	Streptococcus pneumoniae
EUPATH:0032669	threshold cycle for Moraxella catarrhalis in lung	The threshold cycle that is the specified output of a multiplexed qPCR assay that has the objective of determining the number of Moraxella catarrhalis in a lung specimen.	Person: John Judkins	subclass	bacteria in lung datum	Moraxella catarrhalis
EUPATH:0032759	threshold cycle for Legionella in nasopharyngeal or oropharyngeal swab	The threshold cycle that is the specified output of a multiplexed qPCR assay that has the objective of determining the number of Legionella in a naropharyngeal or oropharyngeal swab specimen.	Person: John Judkins	subclass	bacteria in nasopharyngeal/oropharyngeal swab datum	Legionella
EUPATH:0032765	threshold cycle for Salmonella in nasopharyngeal or oropharyngeal swab	The threshold cycle that is the specified output of a multiplexed qPCR assay that has the objective of determining the number of Salmonella in a naropharyngeal or oropharyngeal swab specimen.	Person: John Judkins	subclass	bacteria in nasopharyngeal/oropharyngeal swab datum	Salmonella
EUPATH:0032751	threshold cycle for Bordella pertussis in nasopharyngeal or oropharyngeal swab	The threshold cycle that is the specified output of a multiplexed qPCR assay that has the objective of determining the number of Bordella pertussis in a naropharyngeal or oropharyngeal swab specimen.	Person: John Judkins	subclass	bacteria in nasopharyngeal/oropharyngeal swab datum	Bordella pertussis
EUPATH:0032763	threshold cycle for Mycoplasma pneumoniae in nasopharyngeal or oropharyngeal swab	The threshold cycle that is the specified output of a multiplexed qPCR assay that has the objective of determining the number of Mycoplasma pneumoniae in a naropharyngeal or oropharyngeal swab specimen.	Person: John Judkins	subclass	bacteria in nasopharyngeal/oropharyngeal swab datum	Mycoplasma pneumoniae
EUPATH:0032767	threshold cycle for Staphylococcus aureus in nasopharyngeal or oropharyngeal swab	The threshold cycle that is the specified output of a multiplexed qPCR assay that has the objective of determining the number of Staphylococcus aureus in a naropharyngeal or oropharyngeal swab specimen.	Person: John Judkins	subclass	bacteria in nasopharyngeal/oropharyngeal swab datum	Staphylococcus aureus
EUPATH:0032755	threshold cycle for Haemophilus influenzae in nasopharyngeal or oropharyngeal swab	The threshold cycle that is the specified output of a multiplexed qPCR assay that has the objective of determining the number of Haemophilus influenzae in a naropharyngeal or oropharyngeal swab specimen.	Person: John Judkins	subclass	bacteria in nasopharyngeal/oropharyngeal swab datum	Haemophilus influenzae
EUPATH:0032769	threshold cycle for Streptococcus pneumoniae in nasopharyngeal or oropharyngeal swab	The threshold cycle that is the specified output of a multiplexed qPCR assay that has the objective of determining the number of Streptococcus pneumoniae in a naropharyngeal or oropharyngeal swab specimen.	Person: John Judkins	subclass	bacteria in nasopharyngeal/oropharyngeal swab datum	Streptococcus pneumoniae
EUPATH:0032761	threshold cycle for Moraxella catarrhalis in nasopharyngeal or oropharyngeal swab	The threshold cycle that is the specified output of a multiplexed qPCR assay that has the objective of determining the number of Moraxella catarrhalis in a naropharyngeal or oropharyngeal swab specimen.	Person: John Judkins	subclass	bacteria in nasopharyngeal/oropharyngeal swab datum	Moraxella catarrhalis
EUPATH:0033023	threshold cycle for Legionella in pleural fluid	The threshold cycle that is the specified output of a multiplexed qPCR assay that has the objective of determining the number of Legionella in a pleural fluid specimen.	Person: John Judkins	subclass	bacteria in pleural fluid datum	Legionella
EUPATH:0033029	threshold cycle for Salmonella in pleural fluid	The threshold cycle that is the specified output of a multiplexed qPCR assay that has the objective of determining the number of Salmonella in a pleural fluid specimen.	Person: John Judkins	subclass	bacteria in pleural fluid datum	Salmonella
EUPATH:0033015	threshold cycle for Bordella pertussis in pleural fluid	The threshold cycle that is the specified output of a multiplexed qPCR assay that has the objective of determining the number of Bordella pertussis in a pleural fluid specimen.	Person: John Judkins	subclass	bacteria in pleural fluid datum	Bordella pertussis
EUPATH:0033027	threshold cycle for Mycoplasma pneumoniae in pleural fluid	The threshold cycle that is the specified output of a multiplexed qPCR assay that has the objective of determining the number of Mycoplasma pneumoniae in a pleural fluid specimen.	Person: John Judkins	subclass	bacteria in pleural fluid datum	Mycoplasma pneumoniae
EUPATH:0033031	threshold cycle for Staphylococcus aureus in pleural fluid	The threshold cycle that is the specified output of a multiplexed qPCR assay that has the objective of determining the number of Staphylococcus aureus in a pleural fluid specimen.	Person: John Judkins	subclass	bacteria in pleural fluid datum	Staphylococcus aureus
EUPATH:0033019	threshold cycle for Haemophilus influenzae in pleural fluid	The threshold cycle that is the specified output of a multiplexed qPCR assay that has the objective of determining the number of Haemophilus influenzae in a pleural fluid specimen.	Person: John Judkins	subclass	bacteria in pleural fluid datum	Haemophilus influenzae
EUPATH:0033017	threshold cycle for Chlamydia pneumoniae in pleural fluid	The threshold cycle that is the specified output of a multiplexed qPCR assay that has the objective of determining the number of Chlamydia pneumoniae in a pleural fluid specimen.	Person: John Judkins	subclass	bacteria in pleural fluid datum	Chlamydia pneumoniae
EUPATH:0033033	threshold cycle for Streptococcus pneumoniae in pleural fluid	The threshold cycle that is the specified output of a multiplexed qPCR assay that has the objective of determining the number of Streptococcus pneumoniae in a pleural fluid specimen.	Person: John Judkins	subclass	bacteria in pleural fluid datum	Streptococcus pneumoniae
EUPATH:0033025	threshold cycle for Moraxella catarrhalis in pleural fluid	The threshold cycle that is the specified output of a multiplexed qPCR assay that has the objective of determining the number of Moraxella catarrhalis in a pleural fluid specimen.	Person: John Judkins	subclass	bacteria in pleural fluid datum	Moraxella catarrhalis
EUPATH:0022059	threshold cycle for Plasmodium vivax in blood	The threshold cycle that is the specified output of a real time polymerase chain reaction assay that has the objective of determining the number of Plasmodium vivax in a pleural fluid specimen.	Person: John Judkins	subclass	eukaryota in blood datum	Plasmodium vivax
EUPATH:0022060	threshold cycle for Plasmodium falciparum in blood	The threshold cycle that is the specified output of a real time polymerase chain reaction assay that has the objective of determining the number of Plasmodium falciparum in a blood specimen.	Person: John Judkins	subclass	eukaryota in blood datum	Plasmodium falciparum
EUPATH:0011854	threshold cycle for Blastocystis in feces	The threshold cycle that is the specified output of a fluorogenic PCR assay that has the objective of determining the number of Blastocystis in a feces specimen.	Person: John Judkins	subclass	eukaryota in feces datum	Blastocystis
EUPATH:0011856	threshold cycle for Entamoeba in feces	The threshold cycle that is the specified output of a fluorogenic PCR assay that has the objective of determining the number of Entamoeba in a feces specimen.	Person: John Judkins	subclass	eukaryota in feces datum	Entamoeba
EUPATH:0011864	threshold cycle for Rodentolepis nana in feces	The threshold cycle that is the specified output of a fluorogenic PCR assay that has the objective of determining the number of Rodentolepis nana in a feces specimen.	Person: John Judkins	subclass	eukaryota in feces datum	Rodentolepis nana
EUPATH:0015343	threshold cycle for Cryptosporidium hominis in feces	The threshold cycle that is the specified output of a fluorogenic PCR assay that has the objective of determining the number of Cryptosporidium hominis in a feces specimen.	Person: John Judkins	subclass	eukaryota in feces datum	Cryptosporidium hominis
EUPATH:0015344	threshold cycle for Cryptosporidium parvum in feces	The threshold cycle that is the specified output of a fluorogenic PCR assay that has the objective of determining the number of Cryptosporidium parvum in a feces specimen.	Person: John Judkins	subclass	eukaryota in feces datum	Cryptosporidium parvum
EUPATH:0015345	threshold cycle for Cyclospora in feces	The threshold cycle that is the specified output of a fluorogenic PCR assay that has the objective of determining the number of Cyclospora in a feces specimen.	Person: John Judkins	subclass	eukaryota in feces datum	Cyclospora
EUPATH:0015351	threshold cycle for Entamoeba histolytica in feces	The threshold cycle that is the specified output of a fluorogenic PCR assay that has the objective of determining the number of Entamoeba histolytica in a feces specimen.	Person: John Judkins	subclass	eukaryota in feces datum	Entamoeba histolytica
EUPATH:0015352	threshold cycle for Encephalitozoon intestinalis in feces	The threshold cycle that is the specified output of a fluorogenic PCR assay that has the objective of determining the number of Encephalitozoon intestinalis in a feces specimen.	Person: John Judkins	subclass	eukaryota in feces datum	Encephalitozoon intestinalis
EUPATH:0015360	threshold cycle for Giardia in feces	The threshold cycle that is the specified output of a fluorogenic PCR assay that has the objective of determining the number of Giardia in a feces specimen.	Person: John Judkins	subclass	eukaryota in feces datum	Giardia
EUPATH:0015361	threshold cycle for Helicobacter pylori in feces	The threshold cycle that is the specified output of a fluorogenic PCR assay that has the objective of determining the number of Helicobacter pylori in a feces specimen.	Person: John Judkins	subclass	eukaryota in feces datum	Helicobacter pylori
EUPATH:0015362	threshold cycle for Isospora in feces	The threshold cycle that is the specified output of a fluorogenic PCR assay that has the objective of determining the number of Isospora in a feces specimen.	Person: John Judkins	subclass	eukaryota in feces datum	Isospora
EUPATH:0015363	threshold cycle for Necator in feces	The threshold cycle that is the specified output of a fluorogenic PCR assay that has the objective of determining the number of Necator in a feces specimen.	Person: John Judkins	subclass	eukaryota in feces datum	Necator
EUPATH:0015386	threshold cycle for Strongyloides in feces	The threshold cycle that is the specified output of a fluorogenic PCR assay that has the objective of determining the number of Strongyloides in a feces specimen.	Person: John Judkins	subclass	eukaryota in feces datum	Strongyloides
EUPATH:0015387	threshold cycle for Trichuris trichura in feces	The threshold cycle that is the specified output of a fluorogenic PCR assay that has the objective of determining the number of Trichuris trichura in a feces specimen.	Person: John Judkins	subclass	eukaryota in feces datum	Trichuris trichura
EUPATH:0015334	threshold cycle for Ascaris in feces	The threshold cycle that is the specified output of a fluorogenic PCR assay that has the objective of determining the number of Ascaris in a feces specimen.	Person: John Judkins	subclass	eukaryota in feces datum	Ascaris
EUPATH:0036324	threshold cycle for Giardia in feces	The threshold cycle that is the specified output of a real time polymerase chain reaction assay that has the objective of determining the number of Giardia in a feces specimen.	Person: John Judkins	subclass	eukaryota in feces datum	Giardia
EUPATH:0011856	threshold cycle for Entamoeba in feces	The threshold cycle that is the specified output of a fluorogenic PCR assay that has the objective of determining the number of Entamoeba in a feces specimen.	Person: John Judkins	subclass	eukaryota in feces datum	Entamoeba
EUPATH:0015345	threshold cycle for Cyclospora in feces	The threshold cycle that is the specified output of a fluorogenic PCR assay that has the objective of determining the number of Cyclospora in a feces specimen.	Person: John Judkins	subclass	eukaryota in feces datum	Cyclospora
EUPATH:0015333	threshold cycle for Ancylostoma in feces	The threshold cycle that is the specified output of a fluorogenic PCR assay that has the objective of determining the number of Ancylostoma in a feces specimen.	Person: John Judkins	subclass	eukaryota in feces datum	Ancylostoma
EUPATH:0011870	threshold cycle for Schistosoma in feces	The threshold cycle that is the specified output of a fluorogenic PCR assay that has the objective of determining the number of Schistosoma in a feces specimen.	Person: John Judkins	subclass	eukaryota in feces datum	Schistosoma
EUPATH:0015342	threshold cycle for Cryptosporidium in feces	The threshold cycle that is the specified output of a fluorogenic PCR assay that has the objective of determining the number of Cryptosporidium in a feces specimen.	Person: John Judkins	subclass	eukaryota in feces datum	Cryptosporidium
EUPATH:0036531	threshold cycle for Cryptosporidium in feces	The threshold cycle that is the specified output of a real time polymerase chain reaction assay that has the objective of determining the number of Cryptosporidium in a feces specimen.	Person: John Judkins	subclass	eukaryota in feces datum	Cryptosporidium
EUPATH:0011864	threshold cycle for Hymenolepsis nana in feces	The threshold cycle that is the specified output of a fluorogenic PCR assay that has the objective of determining the number of Hymenolepsis nana in a feces specimen.	Person: John Judkins	subclass	eukaryota in feces datum	Hymenolepsis nana
EUPATH:0015358	threshold cycle for Giardia intestinalis assemblage A in feces	The threshold cycle that is the specified output of a fluorogenic PCR assay that has the objective of determining the number of Giardia intestinalis assemblage A in a feces specimen.	Person: John Judkins	subclass	eukaryota in feces datum	Giardia intestinalis assemblage A
EUPATH:0015359	threshold cycle for Giardia intestinalis assemblage B in feces	The threshold cycle that is the specified output of a fluorogenic PCR assay that has the objective of determining the number of Giardia intestinalis assemblage B in a feces specimen.	Person: John Judkins	subclass	eukaryota in feces datum	Giardia intestinalis assemblage B
EUPATH:0036323	threshold cycle for Entamoeba histolytica in feces	The threshold cycle that is the specified output of a real time polymerase chain reaction assay that has the objective of determining the number of Entamoeba histolytica in a feces specimen.	Person: John Judkins	subclass	eukaryota in feces datum	Entamoeba histolytica
EUPATH:0015344	threshold cycle for Cryptosporidium parvum in feces	The threshold cycle that is the specified output of a fluorogenic PCR assay that has the objective of determining the number of Cryptosporidium parvum in a feces specimen.	Person: John Judkins	subclass	eukaryota in feces datum	Cryptosporidium parvum
EUPATH:0015350	threshold cycle for Enterocytozoon bieneusi in feces	The threshold cycle that is the specified output of a fluorogenic PCR assay that has the objective of determining the number of Enterocytozoon bieneusi in a feces specimen.	Person: John Judkins	subclass	eukaryota in feces datum	Enterocytozoon bieneusi
EUPATH:0032574	threshold cycle for Adenovirus in induced sputum	The threshold cycle that is the specified output of a multiplexed qPCR assay that has the objective of determining the number of Adenovirus in an induced sputum specimen.	Person: John Judkins	subclass	eukaryota in induced sputum datum	Adenovirus
EUPATH:0032571	threshold cycle for Pneumocystis jirovecii in induced sputum	The threshold cycle that is the specified output of a multiplexed qPCR assay that has the objective of determining the number of Pneumocystis jirovecii in an induced sputum specimen.	Person: John Judkins	subclass	eukaryota in induced sputum datum	Pneumocystis jirovecii
EUPATH:0032679	threshold cycle for Pneumocystis jirovecii in lung	The threshold cycle that is the specified output of a multiplexed qPCR assay that has the objective of determining the number of Pneumocystis jirovecii in a lung aspirate specimen.	Person: John Judkins	subclass	eukaryota in lung datum	Pneumocystis jirovecii
EUPATH:0032772	threshold cycle for Pneumocystis jirovecii in nasopharyngeal or oropharyngeal swab	The threshold cycle that is the specified output of a multiplexed qPCR assay that has the objective of determining the number of Pneumocystis jirovecii in a naropharyngeal or oropharyngeal swab specimen.	Person: John Judkins	subclass	eukaryota in nasopharyngeal/oropharyngeal swab datum	Pneumocystis jirovecii
EUPATH:0033035	threshold cycle for Pneumocystis jirovecii in pleural fluid	The threshold cycle that is the specified output of a multiplexed qPCR assay that has the objective of determining the number of Pneumocystis jirovecii in a pleural fluid specimen.	Person: John Judkins	subclass	eukaryota in pleural fluid datum	Pneumocystis jirovecii
EUPATH:0015366	threshold cycle for Rotavirus in feces	The threshold cycle that is the specified output of a fluorogenic PCR assay that has the objective of determining the number of Rotavirus in a feces specimen.	Person: John Judkins	subclass	virus in feces datum	Rotavirus
EUPATH:0015382	threshold cycle for Sapovirus in feces	The threshold cycle that is the specified output of a fluorogenic PCR assay that has the objective of determining the number of Sapovirus in a feces specimen.	Person: John Judkins	subclass	virus in feces datum	Sapovirus
EUPATH:0036359	threshold cycle for Escherichia phage MS2 in feces	The threshold cycle that is the specified output of a fluorogenic PCR assay that has the objective of determining the number of Escherichia phage MS2 in a feces specimen.	Person: John Judkins	subclass	virus in feces datum	Escherichia phage MS2
EUPATH:0010781	threshold cycle for Norovirus in feces	The threshold cycle that is the specified output of a real time polymerase chain reaction assay that has the objective of determining the number of Norovirus in a feces specimen.	Person: John Judkins	subclass	virus in feces datum	Norovirus
EUPATH:0036318	threshold cycle for Rotavirus in feces	The threshold cycle that is the specified output of a real time polymerase chain reaction assay that has the objective of determining the number of Rotavirus in a feces specimen.	Person: John Judkins	subclass	virus in feces datum	Rotavirus
EUPATH:0015330	threshold cycle for Adenovirus in feces	The threshold cycle that is the specified output of a fluorogenic PCR assay that has the objective of determining the number of Adenovirus in a feces specimen.	Person: John Judkins	subclass	virus in feces datum	Adenovirus
EUPATH:0015335	threshold cycle for Astrovirus in feces	The threshold cycle that is the specified output of a multiplexed qPCR assay that has the objective of determining the number of Astrovirus in a feces specimen.	Person: John Judkins	subclass	virus in feces datum	Astrovirus
EUPATH:0036316	threshold cycle for Astrovirus in feces	The threshold cycle that is the specified output of a real time polymerase chain reaction assay that has the objective of determining the number of Astrovirus in a feces specimen.	Person: John Judkins	subclass	virus in feces datum	Astrovirus
EUPATH:0036360	threshold cycle for Enterovirus in feces	The threshold cycle that is the specified output of a fluorogenic PCR assay that has the objective of determining the number of Enterovirus in a feces specimen.	Person: John Judkins	subclass	virus in feces datum	Enterovirus
EUPATH:0015364	threshold cycle for Norovirus GI in feces	The threshold cycle that is the specified output of a fluorogenic PCR assay that has the objective of determining the number of Norovirus GI in a feces specimen.	Person: John Judkins	subclass	virus in feces datum	Norovirus GI
EUPATH:0010780	threshold cycle for Norovirus GI in feces	The threshold cycle that is the specified output of a eal time reverse-transcription polymerase chain reaction assay that has the objective of determining the number of Norovirus GI in a feces specimen.	Person: John Judkins	subclass	virus in feces datum	Norovirus GI
EUPATH:0015365	threshold cycle for Norovirus GII in feces	The threshold cycle that is the specified output of a  that has the objective of determining the number of Norovirus GII in a feces specimen.	Person: John Judkins	subclass	virus in feces datum	Norovirus GII
EUPATH:0010779	threshold cycle for Norovirus GII in feces	The threshold cycle that is the specified output of a eal time reverse-transcription polymerase chain reaction assay that has the objective of determining the number of Norovirus GII in a feces specimen.	Person: John Judkins	subclass	virus in feces datum	Norovirus GII
EUPATH:0011866	threshold cycle for Norovirus GI.1 in feces	The threshold cycle that is the specified output of a fluorogenic PCR assay that has the objective of determining the number of Norovirus GI.1 in a feces specimen.	Person: John Judkins	subclass	virus in feces datum	Norovirus GI.1
EUPATH:0036257	threshold cycle for Cytomegalovirus in feces	The threshold cycle that is the specified output of a real time polymerase chain reaction assay that has the objective of determining the number of Cytomegalovirus in a feces specimen.	Person: John Judkins	subclass	virus in feces datum	Cytomegalovirus
EUPATH:0011867	threshold cycle for Norovirus GII.4 in feces	The threshold cycle that is the specified output of a fluorogenic PCR assay that has the objective of determining the number of Norovirus GII.4  in a feces specimen.	Person: John Judkins	subclass	virus in feces datum	Norovirus GII.4
EUPATH:0036331	threshold cycle for Human poliovirus 1 in feces	The threshold cycle that is the specified output of a multiplexed qRT-PCR assay that has the objective of determining the number of Human poliovirus 1 in a feces specimen.	Person: John Judkins	subclass	virus in feces datum	Human poliovirus 1
EUPATH:0036332	threshold cycle for Human poliovirus 2 in feces	The threshold cycle that is the specified output of a multiplexed qRT-PCR assay that has the objective of determining the number of Human poliovirus 2 in a feces specimen.	Person: John Judkins	subclass	virus in feces datum	Human poliovirus 2
EUPATH:0036333	threshold cycle for Human poliovirus 3 in feces	The threshold cycle that is the specified output of a multiplexed qRT-PCR assay that has the objective of determining the number of Human poliovirus 3 in a feces specimen.	Person: John Judkins	subclass	virus in feces datum	Human poliovirus 3
EUPATH:0015369	threshold cycle for Rotavirus G1 in feces	The threshold cycle that is the specified output of a fluorogenic PCR assay that has the objective of determining the number of Rotavirus G1 in a feces specimen.	Person: John Judkins	subclass	virus in feces datum	Rotavirus G1
EUPATH:0015370	threshold cycle for Rotavirus G2 in feces	The threshold cycle that is the specified output of a fluorogenic PCR assay that has the objective of determining the number of Rotavirus G2 in a feces specimen.	Person: John Judkins	subclass	virus in feces datum	Rotavirus G2
EUPATH:0015371	threshold cycle for Rotavirus G3 in feces	The threshold cycle that is the specified output of a fluorogenic PCR assay that has the objective of determining the number of Rotavirus G3 in a feces specimen.	Person: John Judkins	subclass	virus in feces datum	Rotavirus G3
EUPATH:0015372	threshold cycle for Rotavirus G4 in feces	The threshold cycle that is the specified output of a fluorogenic PCR assay that has the objective of determining the number of Rotavirus G4 in a feces specimen.	Person: John Judkins	subclass	virus in feces datum	Rotavirus G4
EUPATH:0015373	threshold cycle for Rotavirus G8 in feces	The threshold cycle that is the specified output of a fluorogenic PCR assay that has the objective of determining the number of Rotavirus G8 in a feces specimen.	Person: John Judkins	subclass	virus in feces datum	Rotavirus G8
EUPATH:0015374	threshold cycle for Rotavirus G9 in feces	The threshold cycle that is the specified output of a fluorogenic PCR assay that has the objective of determining the number of Rotavirus G9 in a feces specimen.	Person: John Judkins	subclass	virus in feces datum	Rotavirus G9
EUPATH:0015377	threshold cycle for Rotavirus A P4 in feces	The threshold cycle that is the specified output of a fluorogenic PCR assay that has the objective of determining the number of Rotavirus A P4 in a feces specimen.	Person: John Judkins	subclass	virus in feces datum	Rotavirus A P4
EUPATH:0015378	threshold cycle for Human rotavirus P6 in feces	The threshold cycle that is the specified output of a fluorogenic PCR assay that has the objective of determining the number of Human rotavirus P6 in a feces specimen.	Person: John Judkins	subclass	virus in feces datum	Human rotavirus P6
EUPATH:0015379	threshold cycle for Rotavirus A P8 in feces	The threshold cycle that is the specified output of a fluorogenic PCR assay that has the objective of determining the number of Rotavirus A P8 in a feces specimen.	Person: John Judkins	subclass	virus in feces datum	Rotavirus A P8
EUPATH:0015367	threshold cycle for Rotavirus G10 in feces	The threshold cycle that is the specified output of a fluorogenic PCR assay that has the objective of determining the number of Rotavirus G10 in a feces specimen.	Person: John Judkins	subclass	virus in feces datum	Rotavirus G10
EUPATH:0015368	threshold cycle for Rotavirus G12 in feces	The threshold cycle that is the specified output of a fluorogenic PCR assay that has the objective of determining the number of Rotavirus G12 in a feces specimen.	Person: John Judkins	subclass	virus in feces datum	Rotavirus G12
EUPATH:0032608	threshold cycle for Rhinovirus in induced sputum	The threshold cycle that is the specified output of a multiplexed qPCR assay that has the objective of determining the number of Rhinovirus in an induced sputum specimen.	Person: John Judkins	subclass	virus in induced sputum datum	Rhinovirus
EUPATH:0032592	threshold cycle for Influenza A in induced sputum	The threshold cycle that is the specified output of a multiplexed qPCR assay that has the objective of determining the number of Influenza A in a induced sputum specimen.	Person: John Judkins	subclass	virus in induced sputum datum	Influenza A
EUPATH:0032594	threshold cycle for Influenza B in induced sputum	The threshold cycle that is the specified output of a multiplexed qPCR assay that has the objective of determining the number of Influenza B in an induced sputum specimen.	Person: John Judkins	subclass	virus in induced sputum datum	Influenza B
EUPATH:0032596	threshold cycle for Influenza C in induced sputum	The threshold cycle that is the specified output of a multiplexed qPCR assay that has the objective of determining the number of Influenza C in an induced sputum specimen.	Person: John Judkins	subclass	virus in induced sputum datum	Influenza C
EUPATH:0032578	threshold cycle for Human coronavirus OC43 in induced sputum	The threshold cycle that is the specified output of a multiplexed qPCR assay that has the objective of determining the number of Human coronavirus OC43 in an induced sputum specimen.	Person: John Judkins	subclass	virus in induced sputum datum	Human coronavirus OC43
EUPATH:0032580	threshold cycle for Human coronavirus NL63 in induced sputum	The threshold cycle that is the specified output of a multiplexed qPCR assay that has the objective of determining the number of Human coronavirus NL63 in an induced sputum specimen.	Person: John Judkins	subclass	virus in induced sputum datum	Human coronavirus NL63
EUPATH:0032576	threshold cycle for Human coronavirus 229E in induced sputum	The threshold cycle that is the specified output of a multiplexed qPCR assay that has the objective of determining the number of Human coronavirus 229E in an induced sputum specimen.	Person: John Judkins	subclass	virus in induced sputum datum	Human coronavirus 229E
EUPATH:0032582	threshold cycle for Human coronavirus HKU1 in induced sputum	The threshold cycle that is the specified output of a multiplexed qPCR assay that has the objective of determining the number of Human coronavirus HKU1 in an induced sputum specimen.	Person: John Judkins	subclass	virus in induced sputum datum	Human coronavirus HKU1
EUPATH:0032584	threshold cycle for Cytomegalovirus in induced sputum	The threshold cycle that is the specified output of a multiplexed qPCR assay that has the objective of determining the number of Cytomegalovirus in an induced sputum specimen.	Person: John Judkins	subclass	virus in induced sputum datum	Cytomegalovirus
EUPATH:0032586	threshold cycle for Human bocavirus in induced sputum	The threshold cycle that is the specified output of a multiplexed qPCR assay that has the objective of determining the number of Human bocavirus in an induced sputum specimen.	Person: John Judkins	subclass	virus in induced sputum datum	Human bocavirus
EUPATH:0032598	threshold cycle for Human respirovirus 1 in induced sputum	The threshold cycle that is the specified output of a multiplexed qPCR assay that has the objective of determining the number of Human respirovirus 1 in an induced sputum specimen.	Person: John Judkins	subclass	virus in induced sputum datum	Human respirovirus 1
EUPATH:0032600	threshold cycle for Human orthorubulavirus 2 in induced sputum	The threshold cycle that is the specified output of a multiplexed qPCR assay that has the objective of determining the number of Human orthorubulavirus 2 in an induced sputum specimen.	Person: John Judkins	subclass	virus in induced sputum datum	Human orthorubulavirus 2
EUPATH:0032602	threshold cycle for Human respirovirus 3 in induced sputum	The threshold cycle that is the specified output of a multiplexed qPCR assay that has the objective of determining the number of Human respirovirus 3 in an induced sputum specimen.	Person: John Judkins	subclass	virus in induced sputum datum	Human respirovirus 3
EUPATH:0032604	threshold cycle for Human orthorubulavirus 4 in induced sputum	The threshold cycle that is the specified output of a multiplexed qPCR assay that has the objective of determining the number of Human orthorubulavirus 4 in an induced sputum specimen.	Person: John Judkins	subclass	virus in induced sputum datum	Human orthorubulavirus 4
EUPATH:0032681	threshold cycle for Adenovirus in lung	The threshold cycle that is the specified output of a multiplexed qPCR assay that has the objective of determining the number of Adenovirus in a lung aspirate specimen.	Person: John Judkins	subclass	virus in lung datum	Adenovirus
EUPATH:0032715	threshold cycle for Rhinovirus in lung	The threshold cycle that is the specified output of a multiplexed qPCR assay that has the objective of determining the number of Rhinovirus in a lung aspirate specimen.	Person: John Judkins	subclass	virus in lung datum	Rhinovirus
EUPATH:0032699	threshold cycle for Influenza A in lung	The threshold cycle that is the specified output of a multiplexed qPCR assay that has the objective of determining the number of Influenza A in a lung aspirate specimen.	Person: John Judkins	subclass	virus in lung datum	Influenza A
EUPATH:0032701	threshold cycle for Influenza B in lung	The threshold cycle that is the specified output of a multiplexed qPCR assay that has the objective of determining the number of Influenza B in a lung aspirate specimen.	Person: John Judkins	subclass	virus in lung datum	Influenza B
EUPATH:0032703	threshold cycle for Influenza C in lung	The threshold cycle that is the specified output of a multiplexed qPCR assay that has the objective of determining the number of Influenza C in a lung aspirate specimen.	Person: John Judkins	subclass	virus in lung datum	Influenza C
EUPATH:0032691	threshold cycle for Cytomegalovirus in lung	The threshold cycle that is the specified output of a multiplexed qPCR assay that has the objective of determining the number of Cytomegalovirus in a lung aspirate specimen.	Person: John Judkins	subclass	virus in lung datum	Cytomegalovirus
EUPATH:0032693	threshold cycle for Human bocavirus in lung	The threshold cycle that is the specified output of a multiplexed qPCR assay that has the objective of determining the number of Human bocavirus in a lung aspirate specimen.	Person: John Judkins	subclass	virus in lung datum	Human bocavirus
EUPATH:0032705	threshold cycle for Human respirovirus 1 in lung	The threshold cycle that is the specified output of a multiplexed qPCR assay that has the objective of determining the number of Human respirovirus 1 in a lung aspirate specimen.	Person: John Judkins	subclass	virus in lung datum	Human respirovirus 1
EUPATH:0032707	threshold cycle for Human orthorubulavirus 2 in lung	The threshold cycle that is the specified output of a multiplexed qPCR assay that has the objective of determining the number of Human orthorubulavirus 2 in a lung aspirate specimen.	Person: John Judkins	subclass	virus in lung datum	Human orthorubulavirus 2
EUPATH:0032709	threshold cycle for Human respirovirus 3 in lung	The threshold cycle that is the specified output of a multiplexed qPCR assay that has the objective of determining the number of Human respirovirus 3 in a lung aspirate specimen.	Person: John Judkins	subclass	virus in lung datum	Human respirovirus 3
EUPATH:0032711	threshold cycle for Human orthorubulavirus 4 in lung	The threshold cycle that is the specified output of a multiplexed qPCR assay that has the objective of determining the number of Human orthorubulavirus 4 in a lung aspirate specimen.	Person: John Judkins	subclass	virus in lung datum	Human orthorubulavirus 4
EUPATH:0032774	threshold cycle for Adenovirus in nasopharyngeal or oropharyngeal swab	The threshold cycle that is the specified output of a multiplexed qPCR assay that has the objective of determining the number of Adenovirus in a naropharyngeal or oropharyngeal swab specimen.	Person: John Judkins	subclass	virus in nasopharyngeal/oropharyngeal swab datum	Adenovirus
EUPATH:0032808	threshold cycle for Rhinovirus in nasopharyngeal or oropharyngeal swab	The threshold cycle that is the specified output of a multiplexed qPCR assay that has the objective of determining the number of Rhinovirus in a naropharyngeal or oropharyngeal swab specimen.	Person: John Judkins	subclass	virus in nasopharyngeal/oropharyngeal swab datum	Rhinovirus
EUPATH:0032792	threshold cycle for Influenza A in nasopharyngeal or oropharyngeal swab	The threshold cycle that is the specified output of a multiplexed qPCR assay that has the objective of determining the number of Influenza A in a naropharyngeal or oropharyngeal swab specimen.	Person: John Judkins	subclass	virus in nasopharyngeal/oropharyngeal swab datum	Influenza A
EUPATH:0032794	threshold cycle for Influenza B in nasopharyngeal or oropharyngeal swab	The threshold cycle that is the specified output of a multiplexed qPCR assay that has the objective of determining the number of Influenza B in a naropharyngeal or oropharyngeal swab specimen.	Person: John Judkins	subclass	virus in nasopharyngeal/oropharyngeal swab datum	Influenza B
EUPATH:0032796	threshold cycle for Influenza C in nasopharyngeal or oropharyngeal swab	The threshold cycle that is the specified output of a multiplexed qPCR assay that has the objective of determining the number of Influenza C in a naropharyngeal or oropharyngeal swab specimen.	Person: John Judkins	subclass	virus in nasopharyngeal/oropharyngeal swab datum	Influenza C
EUPATH:0032784	threshold cycle for Cytomegalovirus in nasopharyngeal or oropharyngeal swab	The threshold cycle that is the specified output of a multiplexed qPCR assay that has the objective of determining the number of Cytomegalovirus in a naropharyngeal or oropharyngeal swab specimen.	Person: John Judkins	subclass	virus in nasopharyngeal/oropharyngeal swab datum	Cytomegalovirus
EUPATH:0032786	threshold cycle for Human bocavirus in nasopharyngeal or oropharyngeal swab	The threshold cycle that is the specified output of a multiplexed qPCR assay that has the objective of determining the number of Human bocavirus in a naropharyngeal or oropharyngeal swab specimen.	Person: John Judkins	subclass	virus in nasopharyngeal/oropharyngeal swab datum	Human bocavirus
EUPATH:0032798	threshold cycle for Human respirovirus 1 in nasopharyngeal or oropharyngeal swab	The threshold cycle that is the specified output of a multiplexed qPCR assay that has the objective of determining the number of Human respirovirus 1 in a naropharyngeal or oropharyngeal swab specimen.	Person: John Judkins	subclass	virus in nasopharyngeal/oropharyngeal swab datum	Human respirovirus 1
EUPATH:0032800	threshold cycle for Human orthorubulavirus 2 in nasopharyngeal or oropharyngeal swab	The threshold cycle that is the specified output of a multiplexed qPCR assay that has the objective of determining the number of Human orthorubulavirus 2 in a naropharyngeal or oropharyngeal swab specimen.	Person: John Judkins	subclass	virus in nasopharyngeal/oropharyngeal swab datum	Human orthorubulavirus 2
EUPATH:0032802	threshold cycle for Human respirovirus 3 in nasopharyngeal or oropharyngeal swab	The threshold cycle that is the specified output of a multiplexed qPCR assay that has the objective of determining the number of Human respirovirus 3 in a naropharyngeal or oropharyngeal swab specimen.	Person: John Judkins	subclass	virus in nasopharyngeal/oropharyngeal swab datum	Human respirovirus 3
EUPATH:0032804	threshold cycle for Human orthorubulavirus 4 in nasopharyngeal or oropharyngeal swab	The threshold cycle that is the specified output of a multiplexed qPCR assay that has the objective of determining the number of Human orthorubulavirus 4 in a naropharyngeal or oropharyngeal swab specimen.	Person: John Judkins	subclass	virus in nasopharyngeal/oropharyngeal swab datum	Human orthorubulavirus 4
EUPATH:0033037	threshold cycle for Adenovirus in pleural fluid	The threshold cycle that is the specified output of a multiplexed qPCR assay that has the objective of determining the number of Adenovirus in a pleural fluid specimen.	Person: John Judkins	subclass	virus in pleural fluid datum	Adenovirus
EUPATH:0033071	threshold cycle for Rhinovirus in pleural fluid	The threshold cycle that is the specified output of a multiplexed qPCR assay that has the objective of determining the number of Rhinovirus in a pleural fluid specimen.	Person: John Judkins	subclass	virus in pleural fluid datum	Rhinovirus
EUPATH:0033055	threshold cycle for Influenza A in pleural fluid	The threshold cycle that is the specified output of a multiplexed qPCR assay that has the objective of determining the number of Influenza A in a pleural fluid specimen.	Person: John Judkins	subclass	virus in pleural fluid datum	Influenza A
EUPATH:0033057	threshold cycle for Influenza B in pleural fluid	The threshold cycle that is the specified output of a multiplexed qPCR assay that has the objective of determining the number of Influenza B in a pleural fluid specimen.	Person: John Judkins	subclass	virus in pleural fluid datum	Influenza B
EUPATH:0033059	threshold cycle for Influenza C in pleural fluid	The threshold cycle that is the specified output of a multiplexed qPCR assay that has the objective of determining the number of Influenza C in a pleural fluid specimen.	Person: John Judkins	subclass	virus in pleural fluid datum	Influenza C
EUPATH:0033047	threshold cycle for Cytomegalovirus in pleural fluid	The threshold cycle that is the specified output of a multiplexed qPCR assay that has the objective of determining the number of Cytomegalovirus in a pleural fluid specimen.	Person: John Judkins	subclass	virus in pleural fluid datum	Cytomegalovirus
EUPATH:0033049	threshold cycle for Human bocavirus in pleural fluid	The threshold cycle that is the specified output of a multiplexed qPCR assay that has the objective of determining the number of Human bocavirus in a pleural fluid specimen.	Person: John Judkins	subclass	virus in pleural fluid datum	Human bocavirus
EUPATH:0033061	threshold cycle for Human respirovirus 1 in pleural fluid	The threshold cycle that is the specified output of a multiplexed qPCR assay that has the objective of determining the number of Human respirovirus 1 in a pleural fluid specimen.	Person: John Judkins	subclass	virus in pleural fluid datum	Human respirovirus 1
EUPATH:0033063	threshold cycle for Human orthorubulavirus 2 in pleural fluid	The threshold cycle that is the specified output of a multiplexed qPCR assay that has the objective of determining the number of Human orthorubulavirus 2 in a pleural fluid specimen.	Person: John Judkins	subclass	virus in pleural fluid datum	Human orthorubulavirus 2
EUPATH:0033065	threshold cycle for Human respirovirus 3 in pleural fluid	The threshold cycle that is the specified output of a multiplexed qPCR assay that has the objective of determining the number of Human respirovirus 3 in a pleural fluid specimen.	Person: John Judkins	subclass	virus in pleural fluid datum	Human respirovirus 3
EUPATH:0033067	threshold cycle for Human orthorubulavirus 4 in pleural fluid	The threshold cycle that is the specified output of a multiplexed qPCR assay that has the objective of determining the number of Human orthorubulavirus 4 in a pleural fluid specimen.	Person: John Judkins	subclass	virus in pleural fluid datum	Human orthorubulavirus 4